Unnamed: 0,0,1,2,3,4
0,2.322795580030872,2.3201536224959485,2.2996231234924096,2.396944581424636,2.33674406450962
1,2.456086766631428,2.411798584497554,2.39730568295327,2.528827135077484,2.4555980502840318
2,2.2663020215177965,2.2103102692085583,2.2072461187075043,2.2971823902987785,2.265691320536167
3,2.345357669051228,2.308597275007117,2.28371270560531,2.355372607672592,2.332991771350806
4,2.374261157521192,2.34207731270309,2.3489637066608653,2.356838015821137,2.36217820691924
5,2.37646586765924,2.3671932732419365,2.3331604724506314,2.38108383444951,2.3459979257704684
6,2.441480624928936,2.437455602006888,2.435290137817264,2.4584137775125923,2.446797653585434
7,2.443108025818656,2.426963258805127,2.414678171706813,2.475572658135913,2.441763003370219
8,2.603509547857521,2.556683621629617,2.552549233722815,2.60035303554996,2.577839433509415
9,2.4476508284152287,2.407532397611765,2.4274418795903103,2.4322876355111123,2.431201575921522
10,2.622249462181777,2.5812716205961865,2.5854891701167717,2.637716360402453,2.605650685703743
11,2.482519366237892,2.436686496945879,2.469237166632157,2.4741333867275004,2.4782355127322897
12,2.3958062732081893,2.3800474140183,2.357375938448877,2.4117906716052837,2.403527537587581
13,2.1023699975094403,2.056215536928249,2.0388310329807213,2.0880466022593684,2.113205227765376
14,2.226220337680012,2.225155640356003,2.197816956856446,2.249784051003638,2.2652843531581195
15,2.110840527516285,2.1037166516442083,2.095774593198108,2.1319166676472383,2.16548783637557
16,2.116153983161674,2.127919084642764,2.114834930518552,2.1710161299515787,2.1689643642149647
17,2.2980839263034856,2.298343899698825,2.2929114009682983,2.340803468401426,2.324157497699013
18,2.375337805106505,2.3954248996908696,2.387271457699826,2.4272334764544423,2.4236692979600907
19,2.3744374166314555,2.331419346819312,2.3210482969413118,2.36433255178024,2.369032548496242
20,2.273950194732837,2.23992122958838,2.227930659842574,2.2588473317997035,2.2654239160649263
21,2.166034701906374,2.138685345048629,2.1245341226426167,2.142943638009244,2.130144061040317
22,2.051719499385005,2.024507884531398,2.054684776438819,2.020091183407272,2.044491909994318
23,2.086942425856474,2.076087166872321,2.043854569814449,2.06422972201601,2.0347945015117754
24,2.104300758726007,2.130101274781218,2.103756254045528,2.0901648715205194,2.0950669862085016
25,2.0843247463069967,2.066192290282094,2.1005954433094,2.063507488340929,2.079908772052519
26,1.9881181412984987,2.007865611572137,2.0316443029484,1.9826495616423696,2.0639650541580368
27,2.13210217471824,2.13712853021089,2.1382371373314784,2.1469573350904607,2.160426827763678
28,2.184030394729492,2.2401115480186724,2.2107033487333845,2.219265352387768,2.249406113003732
29,2.4968134667940527,2.5348279381394234,2.514548888203165,2.5711952749202003,2.5523244834571237
30,3.2346548687513508,3.325325245048558,3.2783490566575644,3.358817940894425,3.341521521798553
31,2.7669998950052195,2.8106588037193068,2.799732503228538,2.9138600600771176,2.929941649679112
32,2.138526426779322,2.3114864112106117,2.2098782168702007,2.3178358300810125,2.3233382780772778
33,2.057533171995359,2.20364551172888,2.072768284985821,2.0910112849628004,2.1686630515772016
34,1.967238585744748,2.045160397623722,1.9499286492484245,2.004106034491293,2.0419208730296545
35,1.838651363505952,1.9650217760046331,1.8324089751261423,1.918237466133908,1.981553430859904
36,2.2881633842731905,2.189621287273559,2.1743417735781967,2.278959646596564,2.238722519586754
37,2.8366764629055243,2.83308869476703,2.7852332526321137,2.90351931515836,2.735566362811451
38,3.5477401014355503,3.5360974217980443,3.4925251979329595,3.6103568489442095,3.536106966331192
39,4.099557502676169,4.163193919128381,4.129055288989571,4.245455186322415,4.079246122009949
40,4.192662123272122,4.131046738507442,4.24508100647091,4.30011602131065,4.17846396026057
41,3.764788315560468,3.7809068189454336,3.84816845089868,4.036298468179837,3.7990550453206
42,3.696150621344903,3.7146310108617406,3.732523194752091,3.948040051913997,3.7423663684541504
43,3.486148524633485,3.327823780108051,3.454036965660274,3.755276574314926,3.541903566145436
44,3.2979800403739907,3.33182620883824,3.4620451391840974,3.689566709893965,3.284540138266314
45,3.3295851571383097,3.1806853247332416,3.346677436438199,3.602396908946321,3.1126885359159755
46,3.452668847856402,3.5770939176640693,3.605748436902725,3.813832155317882,3.177958874559439
47,3.723112175205495,3.9252953451151966,3.981974691014399,4.1104940347513415,3.6295684997948703
48,3.845888194034788,3.8407999944783406,3.8986777186665114,3.926799268475098,3.5919442875082805
49,3.694305566135392,3.5853307874038567,3.786936547264059,3.6375445678430975,3.574455077478629
50,3.607588873131916,3.529734580436221,3.678042521548404,3.4789199920771665,3.4351147131319246
51,3.7576366146225424,3.678928274384023,3.749636348460472,3.5290746658366423,3.524023426315701
52,3.187987743414539,3.0405742581223736,3.209398853815633,3.030561281145125,3.075949139776516
53,2.723685150041758,2.5054350714927462,2.685851343411728,2.611703263840402,2.5531667761734296
54,2.601746961952696,2.461557793702064,2.5338970682717665,2.361507898602538,2.431835606278804
55,2.5939571877418404,2.4672281835815197,2.499287696531228,2.43144037010564,2.487431548209722
56,2.3071964880081004,2.310521881676644,2.242657835140277,2.212646666031431,2.3350633390302
57,2.465954168153588,2.408165576169349,2.396176849744802,2.336795446709806,2.4568964472481585
58,2.3283844663574844,2.340100856669633,2.2587629996734555,2.292173137807099,2.388089383245322
59,2.2487609699404136,2.174343287081135,2.167325772258428,2.159080725554769,2.22655857426696
60,2.3843505275969528,2.377790647636089,2.3608814401777782,2.3343760971761203,2.429009489733982
61,2.1995400649867736,2.2016636808979517,2.182311810683992,2.1574943646502422,2.267480328373279
62,2.0234971654309484,1.9853620882214564,2.014390777411948,1.951045384446469,2.0504546101698176
63,1.9943057581204109,1.9897713245150035,1.9910028920803835,1.9649869839755376,2.024507597752935
64,1.8544665447103457,1.8333633158998777,1.8555391042699048,1.8011625239709073,1.85613196169894
65,1.6730088270792085,1.673267335089638,1.6971024017936385,1.6849925190820665,1.6845888384539385
66,1.5942728104865478,1.5900800449199373,1.6423289976040731,1.619787624717191,1.6161330313156188
67,1.6244468057330914,1.662563559601366,1.708592032918719,1.6957744868015532,1.6923825463155202
68,1.608995548000436,1.6689995117284782,1.6711513031896728,1.6827941179244124,1.6605726158359004
69,1.475995629791504,1.511852357053976,1.5168692181519263,1.5669262335319591,1.5103550273215345
70,1.3565774053629802,1.4073645121643696,1.4202860023815511,1.4375592678169182,1.396680251099485
71,1.3647046703774588,1.4256661852296906,1.3991517540846017,1.4382125140847295,1.3994814724539542
72,1.3302555817692987,1.3579360766178483,1.3172784146057004,1.3882679087544465,1.3755156756701294
73,1.39453043350806,1.443319890636151,1.392459986756406,1.4226028884922208,1.3777616125815466
74,1.2686172438699723,1.301393070318423,1.305658661111356,1.3431892265512575,1.286842395403798
75,1.331029531482448,1.356730396315902,1.3484179351752887,1.3914788605159143,1.3281225230305744
76,1.4474742695276483,1.457179997806349,1.4457859792349266,1.4656391903376091,1.4280754165342744
77,1.3607360403419433,1.3585546566978772,1.3740673579778162,1.3721778403785911,1.3617460246933066
78,1.4714816554745145,1.4513127248698323,1.487104530081947,1.4566255950149185,1.4868532312746543
79,1.4484140583649294,1.4211991399898725,1.4271901215575602,1.4163216985508984,1.431302282108874
80,1.5025277102062715,1.4780224039562846,1.5200964671093038,1.4537924521928651,1.4778173025134365
81,1.6014749958491543,1.5766476396017022,1.6299993198364178,1.5550059901705773,1.5564217852586162
82,1.7046415578472154,1.6399320052542772,1.7065195710837309,1.660535171984349,1.6632761809260908
83,1.946716421166971,1.895212372528337,1.9404766173952,1.900359061620738,1.922061481644792
84,1.947133394887364,1.8573574661340868,1.9439199090630688,1.8916991809124195,1.9403570746044088
85,1.9732595615391035,1.9116896150503813,1.974541397175136,1.9289740188839248,1.994732645068069
86,2.0095343753327333,1.9171560412751805,2.0389112274536365,1.9499609694264517,1.9976777791185167
87,1.9938588948770863,1.9537645436894624,2.049683438514556,1.9809942199788,2.038320243517588
88,1.8617734870986693,1.8476669085675796,1.9270151401946272,1.8675767832896164,1.8829814388244528
89,1.8519926161554583,1.8362304224131052,1.9391227526055304,1.8763078378603288,1.876618420237099
90,1.674518177748335,1.6252677039288166,1.7565189262729923,1.6742723435093982,1.7244108802883549
91,1.7637693156335883,1.7179078387348097,1.808301209986774,1.7849341106480836,1.7750728379286913
92,1.736834331250594,1.6983908830091308,1.791717213121901,1.724743408384115,1.7485615559943548
93,1.6958527125351586,1.65387120576878,1.7400351556418767,1.7056869004734634,1.7128821105490952
94,1.7330174540834826,1.703640687119575,1.7643482695082895,1.7200006523788118,1.7621418125384525
95,1.779837633911416,1.7056529001562737,1.7778505497416022,1.73610109054914,1.7657362762243995
96,1.7420761484455356,1.7118335879950717,1.745144171274821,1.7393246590903753,1.7517085199737177
97,1.768606288109777,1.6948706922469274,1.7777663254159173,1.7293202263821317,1.7530333920492638
98,1.7815783390063076,1.7153796292555072,1.7939857374833517,1.751011277249254,1.7596239202804471
99,1.890075312295031,1.8313726387293627,1.9052435289740608,1.8241588758373897,1.8538556951320675
100,2.0668162853603733,2.04295965831577,2.1387010945222737,2.0573048266625182,2.0668914698851544
101,2.132631900548257,2.1134354223232346,2.1557209246967544,2.115054641449366,2.1426207119070733
102,1.9996294638824343,1.9716629362774123,2.0409599701204857,1.961249277142893,1.992288475010053
103,1.741549012420931,1.7315786266675852,1.830336237865977,1.7336818696247558,1.8233466214808547
104,1.7162020624551897,1.6596462333834738,1.7807619626803373,1.6962420314851998,1.7686082230682296
105,1.5031062294047834,1.457363149531079,1.6355896006211534,1.4908188707391006,1.553561670047394
106,1.5177030917382908,1.5055559178151552,1.6153735388143715,1.5461236640471865,1.581202874491671
107,1.705679482277391,1.6364546238928164,1.7457214499981837,1.6983428742120994,1.707627093771629
108,1.7191082863286562,1.6901635869649028,1.80232997193242,1.7245844412264033,1.7426854041665245
109,1.9191640021301828,1.8879124205308384,1.950766320869157,1.9082442975964096,1.95478101210998
110,2.098355917131145,2.166994011191348,2.226341492252466,2.1196274169303684,2.224488174440783
111,2.2394553527396743,2.222717750727518,2.3261417952325583,2.1762245936176634,2.28265465364815
112,2.1210925497451614,2.1597008516620546,2.2209062552380536,2.134285076097367,2.216857724592792
113,2.183465863547202,2.182812092654811,2.241152854552989,2.143400091766775,2.1844821939558243
114,2.0718092987742307,2.052462321196437,2.111403547810065,1.9976927127951325,2.073604383881176
115,1.9564840791952336,1.9536132011986984,2.066916229135056,1.9439082223134303,2.0008207947386745
116,1.642726784169935,1.6654150693756842,1.6992409465395983,1.6199240861317428,1.680783166324806
117,1.5565743017625218,1.5924094018243384,1.6950750863519868,1.5483256870044295,1.560188406760477
118,1.2920276880621968,1.3646882425223938,1.4684832987964174,1.3449911840175997,1.3373242853216336
119,1.3427358864095928,1.3957613441937096,1.4683301134764686,1.3504342770310525,1.3451188934798837
120,1.211570676193882,1.3082825460210226,1.3174946812109074,1.2450121589491816,1.2461434246280372
121,1.354125624198962,1.3640999587297695,1.3861063682253687,1.3386466973844018,1.3418549091310263
122,1.36017363635211,1.3468699178615984,1.449057790969143,1.3475951287925745,1.32875455846902
123,1.2787285686437693,1.2414493992984927,1.3096248914954625,1.2757830472588696,1.2407156655488922
124,1.3500020025297892,1.3499031640404096,1.339532064797694,1.3097026557328455,1.2955933496485423
125,1.2325239669058208,1.256792526912194,1.2343169910130822,1.2433543379479417,1.2373290820871143
126,1.0629387583570855,1.0573934040849815,1.0783066106636077,1.0193532482555596,1.0375900044160191
127,1.0421263311711508,1.154452538556973,1.1402509099077014,1.0822179572732014,1.1085360597805525
128,0.9633868121784608,1.0388904169457442,1.009258164488977,0.9746943516153812,0.9790052613229384
129,0.8100186600925956,0.8851709395853742,0.9058799252103606,0.8782227085411788,0.8231749641594381
130,0.7973604412658895,0.8637887974195613,0.9759774266780604,0.8771208317246076,0.8054091256776195
131,0.8924418039912919,0.8851616780222524,0.9703164388995188,0.925415415834321,0.8909660300415368
132,0.9502200134023796,0.9097380561650764,0.9941391394292244,0.95884059028281,0.9259995567456082
133,1.080819006948544,1.0004559755070357,1.090796343542032,1.0512244528929764,0.9985270954967388
134,1.0503048788343794,1.0244186516443716,1.0357233903628429,1.0320940637134624,1.0092852354919464
135,0.9743486027963104,0.9161424840260162,0.9956496995930516,0.9352805689344936,0.9339820166228034
136,0.9126131782481977,0.8625557151918464,0.934103614185759,0.8682053173308599,0.8708723221613608
137,0.9256063978341188,0.9611220732465192,0.9679215324482208,0.8535450689529356,0.8800070341118523
138,0.989710032884742,0.9803734522740208,1.04599787387605,0.9914828654733286,0.9480240263847948
139,1.102301821647959,1.1323170896406207,1.185276194643327,1.0729513297165405,1.070530663452677
140,1.1525107507761971,1.1275224838167317,1.1766810207740932,1.078008791101818,1.0939274807137285
141,1.3856185618601382,1.3946151617339897,1.367040573780272,1.299379728658427,1.3436391761731024
142,1.3357036631479915,1.3354087920867286,1.3478949675530558,1.3058711200053028,1.3185043096976978
143,1.3219409324813858,1.3186553902025702,1.261065034480747,1.2717220783630876,1.2734671660696992
144,1.3477794488787436,1.4024156703234485,1.311233619300202,1.3146681927180248,1.3281780557305638
145,1.3825173656132106,1.3896948562415807,1.4055100724136442,1.3897127278521764,1.3774749986940638
146,1.3825404154890382,1.394575882284102,1.4033334324342903,1.3708138801476402,1.3717801463264956
147,1.7218589298020408,1.7891074045135975,1.7873346325338673,1.6847671742365191,1.7048531042747777
148,2.088054749254735,2.074455154870503,2.044926922644805,2.0564792215294467,2.038981989322786
149,2.103136321139077,2.076634879330587,2.075348633614511,2.034960742603274,2.110236523591721
150,2.5152915202187454,2.4977543625201184,2.457612673750857,2.453721095729911,2.511386784649289
151,2.582384394998737,2.5847295808695114,2.534114923343838,2.4715747981291543,2.521050253270988
152,2.531987711278684,2.602075875080945,2.4999646267098243,2.5115808186029858,2.5751268896394355
153,2.693871374385446,2.7639475627135446,2.6429919377739983,2.613576544641477,2.6940554879368603
154,2.6506267364956555,2.714025247990125,2.5835903820717383,2.5834520375491024,2.639238417561823
155,2.5938076510152674,2.6629339374263665,2.5828527079570187,2.5463372348001503,2.494745806795141
156,2.7400641487663404,2.83061195696541,2.8194203647525384,2.6673143569585696,2.7318263475604483
157,3.1168252739467133,3.156857937776167,3.185713848681232,3.0283448155794326,3.1263523706602787
158,3.4865358728775444,3.495056173539941,3.486332470485796,3.43848997841565,3.4483186645309587
159,3.558089473931103,3.641618606888848,3.5813654336072123,3.563770604164357,3.543719543714575
160,4.170298496635593,4.159834921049548,4.07196549696147,3.97427425359398,3.970137400872285
161,4.798118158472923,4.642608817078804,4.624084512538335,4.576339564652893,4.6265243286269655
162,4.993764695791512,5.050094273305323,4.986093866994921,4.993518371755576,4.712214180388773
163,5.028014708122063,5.221618467051527,4.876821893760758,4.940231613487478,4.826210367771719
164,4.650766219275647,4.755041869847305,4.646096401725871,4.625008424014188,4.56913729185352
165,4.695236516524489,4.408877199152543,4.532208998840941,4.508091963810647,4.599057604141233
166,3.935507480680873,3.954777613111405,3.660792493816212,3.790156387994215,4.052318622494542
167,3.706365580785592,3.634900725022397,3.598591487769968,3.6410763099511096,3.8392617706445695
168,3.7204588140149006,3.68642365688975,3.449777859646033,3.7118190441883834,3.592895722666434
169,3.2969708720597355,3.518802870814402,3.108352869624524,3.317974635260242,3.123631476136989
170,3.30643063807116,3.5146684061164315,3.357179846664644,3.359522427868466,3.322725780031221
171,3.949703100711437,3.822915724147422,4.002023460078424,4.028119008337916,3.965453718649824
172,3.689909886116256,3.667682278854139,4.009563663611034,3.8828682278856377,3.801128831683419
173,3.939770752521401,3.49274072010629,3.857793374761966,3.771268837870608,3.6740175546416176
174,4.0531332897775,3.771912739776276,3.852113382785317,3.94276787073025,3.851365744690404
175,4.169390985093478,4.001016576589518,3.944679588572404,3.917965557098381,3.895283027049545
176,4.333088535459597,4.308590429491972,4.396108142820338,4.554534582234507,4.379623582291507
177,4.246390393752152,4.472139830930873,4.3038375477466815,4.891882867246364,4.421496275692508
178,4.559349169888308,4.5386171126457375,4.422532280333814,4.893119061165609,4.473452513489644
179,4.636599799155528,4.690652957451167,4.671777677690867,5.017068587147769,4.700188045989633
180,4.609368904950427,4.609161345155949,4.481643527390339,4.628722821671892,4.794712142518673
181,4.254674455926387,4.291948610958168,4.225925884780827,4.196975178619468,4.570986823772083
182,4.187006114138193,4.32105330206664,4.36807981594188,4.354292758552381,4.34633532826867
183,3.634422316374945,3.951809189277333,3.78274580634023,3.993997387243933,3.9296117832174686
184,3.641318180949548,3.742377879969324,3.699590282270026,3.8966796044093743,3.8320856134965977
185,3.866639142752165,3.947152779335222,3.652850534234367,3.987512346924192,3.9522643120599534
186,3.9433505606075694,3.930407940802708,3.835846362245549,3.968266319635464,3.956881856810672
187,4.413172390478684,4.378726441136927,4.329506073565936,4.454349381392025,4.492079253506468
188,4.506655481142688,4.519111304205544,4.500531878186292,4.627052663360134,4.657852060761808
189,4.681165928656486,4.647831244966946,4.676485898072986,4.688424634891,4.724140466904292
190,4.941630352088813,4.940697827145006,4.928772888953096,4.901277476823831,4.977971972363913
191,4.579173730736646,4.521636196355877,4.504441399247605,4.4925547338737895,4.569151787720596
192,4.599654503250339,4.478611486878762,4.504179070279013,4.439103919530484,4.579289548281023
193,4.375667316261982,4.344026058751284,4.293231045395541,4.265208490336992,4.369590101218414
194,4.298344205369912,4.295078671591151,4.249499989672869,4.1708290544017625,4.30444618643925
195,3.862874153692629,3.8696261194122497,3.810500882083882,3.762667023927891,3.860594117835991
196,3.861589143917218,3.9055974423723865,3.861196239853909,3.8126765401128457,3.8815139827093343
197,4.077597215100057,4.021458594749294,4.025252943574906,3.954204392087293,4.04234047103618
198,3.9375932279955546,3.938254094323833,3.9355687814395215,3.958781968620404,4.000307844013796
199,4.2632117943581775,4.26449749663497,4.160847118050817,4.242071590015391,4.303876295833498
200,3.801369256361157,3.790122386015479,3.808058633048805,3.813385374290963,3.8670031291613807
201,3.979022724912989,3.962001754154806,3.9875259884465866,4.00231147824098,4.0558852325831785
202,4.256399021071549,4.244014399829974,4.223128637114305,4.237831628781974,4.3171305704506215
203,4.393871695240293,4.3376265161141205,4.3801621970565385,4.29774137619899,4.386328780328194
204,3.912403384841769,3.883424063763932,3.871666914143592,3.8163852494981287,3.910245358185952
205,4.139773346200497,4.064450636122386,4.095342649056165,3.973806040532388,4.104354051577697
206,3.932176803745554,3.8335447394426136,3.8505569347743207,3.7315228320156097,3.8357740268535423
207,4.191827950444311,4.148286569924382,4.1838480116491,4.019158634755725,4.152223577915803
208,4.015561972903222,3.976039309176844,3.998989289134842,3.852815336751415,3.945404697996891
209,3.732799549743686,3.6881352040050936,3.7265245853686286,3.608208760298723,3.660366873301109
210,3.7722959541742034,3.775363165805462,3.7880056681385454,3.725151475764631,3.775038813059345
211,3.571446498938553,3.5724792857918994,3.6111626534243655,3.617730192172597,3.642975430084781
212,3.816898960539912,3.834541165323008,3.8244768902789934,3.858789897286007,3.871986262119036
213,3.7436456601800696,3.736294752780697,3.741045886346154,3.8465983519864944,3.8145276685343896
214,3.9699610868910176,3.9025291401966538,3.905035272621182,4.007684364518775,3.967053952195688
215,3.820196539627092,3.7961972998196782,3.806938778855388,3.860488404987228,3.87148148687435
216,3.9939320500932265,3.95200315028978,3.967197520511275,4.044844418304091,4.009423148633945
217,3.8086129627995295,3.8426758874562026,3.818043590994788,3.873137192306379,3.885040016887509
218,3.86510631871052,3.891524199264134,3.863047555729481,3.909836676603288,3.9141425643881114
219,3.640950103141212,3.7301081856503,3.688155302080088,3.710452240964435,3.705512476330988
220,3.530916211220161,3.5449198441846472,3.5155276643190936,3.564746410534307,3.5827462576387594
221,3.530160128847572,3.48038740694763,3.466693057358197,3.4838763427929145,3.5169710960746974
222,3.876972944679949,3.8825190273539807,3.853872551868139,3.787065175262695,3.8415495470764616
223,3.741551606061196,3.6230443149501,3.62532043191701,3.633860108575457,3.652711513327938
224,3.71746608306213,3.6844889529511056,3.632227341866309,3.637757285642535,3.670815827137796
225,3.326824797290048,3.3055491645229567,3.268261722931383,3.368090833785841,3.355387151345332
226,3.290606045218889,3.277185820259081,3.3054960214651814,3.3551963095405792,3.358399269015921
227,3.2856010436273606,3.323854537331592,3.2542792818624515,3.3509620231195427,3.335565891232806
228,3.088756071010859,3.15224508743198,3.066460776029153,3.1441410600664805,3.1582815583301964
229,2.892187327584114,2.954990982089783,2.9198844756517466,2.949610353996558,2.944473706121597
230,2.936761920003891,2.8901419382017983,2.982665321029698,2.9912449554118945,2.98656731803625
231,3.241692270875401,3.150450470776001,3.204963968359616,3.244341636386758,3.251224343464096
232,3.574776163324047,3.4820967991494363,3.58634663208208,3.592803953814794,3.584715045469601
233,3.3823759371211675,3.2980855599869963,3.422604320874469,3.399672062617661,3.382346033141416
234,3.3643740310069283,3.2672643334279847,3.3855323495305414,3.3405688168859275,3.347400309980351
235,3.519512637909427,3.482507810248629,3.522119756888741,3.487762340846489,3.538779700659709
236,3.4730924182870755,3.4646828008437813,3.4236409111555672,3.416573314422656,3.502566764538416
237,3.62509844811687,3.560407098791888,3.531684705231754,3.593890868775784,3.5923088793282503
238,3.9401498286431114,3.873989506083997,3.905824758969965,3.928698450203397,3.877483072744802
239,3.4495589276934804,3.4250539861351235,3.433978760146361,3.443387837992637,3.503642110693292
240,3.268601906914978,3.37492348725223,3.3603741606718227,3.346949553238373,3.3807632884633314
241,3.4309710068891897,3.636420196467776,3.5362512544819418,3.4414034765685693,3.55502420874325
242,3.0047021560689475,3.137031573072128,3.009568654757503,2.996090368617483,3.1327220860703244
243,3.0711069478137656,3.142608262675192,3.124735505167047,3.0999772073323344,3.161562151230093
244,3.086118272428617,3.1317502704978764,3.189550896598312,3.1228712135544257,3.186862510087783
245,2.800614181585215,2.734002718945349,2.8435857430253924,2.7858934656727814,2.778593686986005
246,2.499004672923689,2.4382148714244445,2.5145607619624784,2.472711492933017,2.435789767596096
247,2.508992205617241,2.492300497115158,2.554804013702578,2.49758357286154,2.4784596553088862
248,2.343450928217672,2.3120799177569644,2.407723472357873,2.299798455293544,2.3354832089556634
249,2.405150258912262,2.327833930287307,2.4626318589822667,2.365867790760168,2.444518621228739
250,2.407701738893428,2.349770549696354,2.4146293913829884,2.359962999476218,2.4388274917278614
251,2.449514291833716,2.368193971625725,2.4206740593648384,2.415554607285169,2.404217614393323
252,2.1752068459538,2.0637142208388304,2.104786539602134,2.158898494190052,2.139450136475188
253,2.1966339967226247,2.165812627048056,2.1318469361324603,2.169309784312913,2.203669466996887
254,2.4297865331548665,2.4522030904173078,2.396377221947531,2.4359405788582387,2.451564225571361
255,2.173408145567804,2.202122269718145,2.1393310010446527,2.20522216669142,2.238553544015232
256,1.9603742445593015,1.9648809169499384,1.91717616403562,1.9760579128857645,2.000034446602416
257,1.9037961937593284,1.9377993196616303,1.9337451651419637,1.9225008089707047,1.9507484802531356
258,1.80631010639533,1.838208401415538,1.8108773657770936,1.8349869772715264,1.855690691964852
259,1.9243073839482168,1.898977491766138,1.9108347280607705,1.8866287614513289,1.9017866482559405
260,1.7127385149605332,1.72414582106966,1.7302720421732347,1.7287208533315492,1.7401558108188186
261,1.5931154461599872,1.552762962448916,1.558942217733378,1.529998308419508,1.5468150836301569
262,1.5237350366536762,1.501034376746844,1.506757536039743,1.547230893509846,1.495406875001409
263,1.4794064327634076,1.4175752735724334,1.4329618566583735,1.4523650571560922,1.4266257500705966
264,1.2845361283717878,1.273837511601164,1.3061846558239052,1.3283944876228253,1.2639034907027162
265,1.3288104203217967,1.282912305479372,1.290115771520385,1.3324867088633263,1.289277767887499
266,1.3911941013034317,1.359702915402897,1.363035494205401,1.3080542937776032,1.2643670346732954
267,1.3199764816680433,1.289039429384002,1.3430679160386232,1.2428547797567515,1.2608811792406258
268,1.2709675912988867,1.2877720540697075,1.3170847391699476,1.284189527006217,1.324447292321279
269,1.4401437529229644,1.5339676160629534,1.4626314424808706,1.4743791886518327,1.4211493165313756
270,1.4020412744254604,1.34585727950656,1.3441544346373542,1.3182360455992488,1.3628398241889574
271,1.2703964522354914,1.1777958642203847,1.243645840626016,1.2975002825786588,1.1048182382659817
272,1.1775796349591825,1.193336808074419,1.260092544083432,1.2114490668244846,1.1815023477124995
273,1.112595171921467,1.1365793166072575,1.1776627871349714,1.0945684076668662,1.0458512483329037
274,1.229758460321862,1.16816064088102,1.2174469934940615,1.2337785650055402,1.224278319193384
275,1.2754631258626996,1.2921653499695036,1.3465899269641672,1.2879485611190342,1.3196782534184943
276,1.2227820906965998,1.2544577123944451,1.207559343640059,1.239598782093672,1.1052782960871346
277,1.1813533234417497,1.1323026954932995,1.279672242663318,1.1990500619311977,1.2726940499166366
278,1.2775802546828994,1.2145623401714671,1.4166993384790252,1.239164891267875,1.3426067459723687
279,1.5707804573590023,1.4455408063703212,1.4826499421240016,1.3182510366858458,1.459805237088154
280,1.384671973206269,1.4655636738613376,1.4417641645309076,1.394234785829799,1.3119001986319347
281,1.5344447918196666,1.5485185402722514,1.4841254599397689,1.458303318698002,1.535966746077139
282,1.5719936458727033,1.4631476777392274,1.393296545893376,1.4788921199849456,1.5789062493844466
283,1.7782699767193446,1.658874750435415,1.6060421519991,1.6613034022695323,1.721535072293105
284,1.761472924137257,1.576004584557965,1.6043579365239151,1.6421942763503248,1.5568066517126269
285,1.7384805289987515,1.6567970536064058,1.5371046240746868,1.5261507711404625,1.654967156678478
286,1.690395973953122,1.7560458733705329,1.5273787950298827,1.520148210957207,1.7415058911913155
287,1.6910094110867184,1.793950723675186,1.521041749314575,1.710859660010544,1.7928878322146904
288,1.7807603470958864,1.713802464397746,1.5265557839902866,1.7700033040506231,1.8345120431639528
289,1.7655855437263968,1.7569245011317438,1.616671634909409,1.673631353930794,1.709338599309576
290,1.7713415764861904,1.8529640127162867,1.6696622807997965,1.6205769706405302,1.521037113023034
291,1.7532667394557742,1.77913803436448,1.719094965386763,1.7610171587720729,1.690421623173382
292,1.9948420957226,1.90676932046432,1.9944627245529665,1.8835075015924,1.922743186258396
293,1.9791433314999904,1.8719950454917804,1.9030115967838623,1.7598666338957991,1.8728281926338737
294,1.9878262871920949,1.86290814103973,1.882449565622689,1.8326847025610336,1.878730098366492
295,2.036729375490126,2.117596746650573,1.9891563009136768,2.046758668193959,1.9254066219052703
296,2.2842407747504576,2.213045374442718,2.178495089570507,2.245629289586024,2.113661162943969
297,2.038085471540255,2.0032492404014683,1.929575496795908,2.184439961623584,1.994347932473418
298,2.0438440384084133,1.964363383906188,1.9294417550686715,2.1180437861478665,1.970223709717849
299,2.0245912063203795,1.9580341136471429,1.965616510715628,2.0238581495112804,1.923997835005553
300,1.808799044172269,1.84935141105442,1.7405445227878962,1.7693338587000145,1.724447412801751
301,1.8017590681011495,1.724029912069912,1.81708676072524,1.6942678343967266,1.7066432760042411
302,1.819360744879381,1.7209414877809028,1.81832500560978,1.6634175782630685,1.7418486438372238
303,1.7873390528978166,1.7753003757154924,1.725351862911184,1.7700254517682874,1.797983571673515
304,2.0137749114323995,1.9629954892452557,1.8747410632173451,1.9568685602357416,1.958045783510124
305,1.9618067912030852,1.90243800768368,1.8598126926056937,1.928478588473839,1.9485538231281985
306,1.8707592293107664,1.7667790504126497,1.7983109769677506,1.8259687210642304,1.8624775205708857
307,1.7880820569687808,1.7006771470494035,1.7191754820744896,1.737523451933027,1.7850764401845265
308,1.94561518684562,1.872811688700453,1.8706642692387645,1.869923163557192,1.9175878024415225
309,2.134958465008189,2.069445154670408,2.0686432640938635,2.0609045005022333,2.064580562044639
310,2.080686959284144,2.02887816526712,1.9849797869504215,2.0304279677698114,2.015953526797164
311,2.001603795860115,1.974795675167753,1.898402270069884,1.9654030943384615,1.924798967193006
312,2.1289929893721653,2.125180112213624,2.0626849572191746,2.1117765166865694,2.061031765898828
313,2.229593429453015,2.2738399031746352,2.1931754900499354,2.248239593386536,2.2033018176244314
314,2.380048724724737,2.432782480774735,2.325077640607013,2.4008158406779563,2.304484711688608
315,2.397493303619183,2.4296985016221644,2.3756734622984825,2.388085974846948,2.343028814790645
316,2.5701908541100726,2.590199712583928,2.563360743127544,2.551533113056869,2.5484038914839826
317,2.822082135306048,2.845041412790698,2.778364086768166,2.780685088936812,2.8209837054809825
318,2.6502744438953783,2.6461870129786416,2.61579206894446,2.632727992038648,2.636140068635958
319,2.53524547424868,2.5899336784266747,2.5462502440566404,2.554622821599622,2.55208437647468
320,2.772600930950203,2.8347837337719994,2.8194309139305918,2.7858997586725303,2.8197012728405704
321,2.6739458223224077,2.696771386343215,2.6881639121459058,2.685802239587585,2.689661157777507
322,2.788116637992967,2.8446249241065,2.812145112240253,2.7814777332075797,2.788038027920652
323,2.9161714999380544,2.9472135598059928,2.935753435805049,2.902923996687871,2.915419615505395
324,2.9605649008736457,2.9958324292699827,2.992228265602056,2.969413729374198,2.9846664076996903
325,2.8604113658058603,2.9050741323103666,2.890260734534187,2.823171293755684,2.8784815164180464
326,3.114084637054133,3.189593465513324,3.123360510858884,3.1191980091143225,3.1427587044556358
327,2.947724025435615,2.9607127957348323,2.9484122193979547,2.934312736704596,2.9625860651007687
328,2.9415137401239053,2.962495948822264,2.972933233117862,2.9670666027643557,3.027328001751642
329,3.0534416740712667,3.100309185593499,3.080057392366421,3.0679748353325147,3.094227397896029
330,3.339934257300522,3.3853959227854995,3.359212825657438,3.3697812318832208,3.365370877940937
331,3.386323256803003,3.412420675324171,3.4620048410341773,3.479563711058798,3.401556471825224
332,2.9958219040457323,3.0311664043470063,3.033723512994537,3.060615990293622,3.032773247737857
333,2.598498906132003,2.6183944718538137,2.6502112912026523,2.6209112517869526,2.583691090161212
334,2.6736834919296317,2.7004968282598742,2.753228404177708,2.7207366820755694,2.6983487627947755
335,2.6679733977166147,2.7301587713967264,2.724065315154676,2.729865328533821,2.7259907422561227
336,2.516770483354474,2.6173734009184924,2.60991896271296,2.59723037543764,2.578151347064725
337,2.394117513542787,2.5070321762028804,2.5009565653962365,2.5512873320908582,2.4870577551492974
338,2.4412891861256623,2.4974902504563823,2.5262961328780404,2.581620022890512,2.4970064743068594
339,2.590010549894225,2.616892391849273,2.6454015235244768,2.749718923609977,2.6572226567986696
340,2.6943694264752622,2.638775646693273,2.719980703023427,2.757808111273747,2.7072325083091484
341,2.625357068236756,2.5859557783713982,2.6474196027108463,2.700300587162144,2.639889105512112
342,2.7011952746247525,2.6500971075547506,2.701947123277032,2.728841084661981,2.711427699133921
343,2.6407702198181746,2.634747452667169,2.6411441550488366,2.722328837173532,2.67416651667746
344,2.72877580068308,2.687394263201341,2.677261317779538,2.733121935926096,2.70674768052182
345,2.727339368284732,2.689510926646753,2.695476094167192,2.722111480150549,2.697693116914045
346,2.4196199340318603,2.38220664481762,2.3647039808019445,2.389378731523259,2.3856669341948527
347,2.472186899877907,2.415657325000629,2.434911727435197,2.4020891755188507,2.461772738421393
348,2.251218861436847,2.1854752026148443,2.224064651923369,2.186612048263449,2.26032672848255
349,2.0435324541681963,1.984593432024232,1.943742100326776,1.96481928058855,2.045245204250314
350,2.077440460795201,1.9903063533705352,1.9133353965613835,1.9669016595038744,2.0411334056712973
351,2.0516231106239995,2.00671764017067,1.9407947859785748,1.9795679891548923,2.019053463866106
352,2.2497996732324554,2.164550611983928,2.155213312998652,2.191191189559756,2.224307311950738
353,2.2184179078759474,2.2274824846993058,2.178773552589814,2.1979784771648254,2.22185052355283
354,1.9333999161598103,1.9217941965918688,1.9037520001938035,1.924385459629239,1.948244383503208
355,2.1476244675004827,2.1195338296639306,2.112442876172261,2.1584622228734283,2.138125122449477
356,2.1036393391986485,2.1297063377315544,2.062205457643748,2.115717201896961,2.138346390296401
357,1.964138843694261,1.9659871597005596,1.8895988160317976,1.9340125440326648,1.9520873324003676
358,1.7489373917133315,1.8118039256397136,1.75642679098515,1.808828359469408,1.7939660433141509
359,1.6934786515596985,1.7258214029184895,1.6735932306899015,1.5790707251333418,1.609117790958291
360,1.6475204626089133,1.6364836264206404,1.6635281291210138,1.5731719824560924,1.6228407865221552
361,1.5981188571820943,1.7026443219382834,1.6708723268529722,1.6047150286716898,1.6946630832139624
362,1.5726617160229197,1.5600745258895752,1.5607932767317587,1.5199539566398577,1.5827583513562915
363,1.5374869360868606,1.5996022979274158,1.6098352441949133,1.603977828560318,1.565363476376444
364,1.6361340333732977,1.6860495723019129,1.7207430678973377,1.7472679882733149,1.618851031518041
365,1.5998240142466218,1.771821461598795,1.683749417236312,1.8310845060720804,1.7598492087491022
366,1.764236291357776,1.7891947959210903,1.8430076502683672,1.7279866502709469,1.782611051446748
367,1.8215370678520095,1.8689252148484985,1.911513024147424,1.868435949985831,1.952268557242982
368,2.002252234326843,2.0731174151342198,2.003285634765203,2.0689383659072886,2.074385620499376
369,2.230889670780302,2.260262211772909,2.289049873318078,2.3277437377048,2.3191266564199835
370,2.393020473877577,2.466207403513245,2.4792464260445235,2.411351735890168,2.47079987824684
371,2.475323724200403,2.481733643503987,2.564457699421718,2.4634231105528364,2.522658536343861
372,2.3556875800236594,2.2416037019700084,2.3926078206051438,2.3686607738310514,2.423317024921494
373,2.4306463284043334,2.492967785540793,2.576586307267885,2.577627475160217,2.6157464671632757
374,2.367321098421211,2.381221901855413,2.3801363351875464,2.338047929929478,2.421500740075781
375,2.4315702672808768,2.4202640153071373,2.4123212810278565,2.4121391141817323,2.413185219966511
376,2.632215637975494,2.554876995886115,2.617928869187949,2.633885015419127,2.617858053814264
377,2.9543053940898543,3.082808073958625,3.027537616969059,3.060645254171136,3.001537225219766
378,3.3510568183343103,3.3983077345720574,3.57080028845142,3.506630132854684,3.441840507145893
379,3.9045390661569352,3.908887588169632,4.014236932607936,4.127058960117433,3.8801227647666914
380,3.800663787954969,3.604579562856662,3.8006977732612977,3.915665373787909,3.721815010181028
381,3.4389930676534504,3.254220613958728,3.465904157286748,3.4318040501572624,3.36049552918255
382,3.3620385859213657,3.1838303846974565,3.40047928280311,3.28752547719394,3.1068995308696272
383,2.8076434172828666,2.6856318539280752,2.7986785305893287,2.936292866361059,2.728434391446114
384,3.1406117012368715,3.069026195219996,3.146126197907871,3.3206811356714727,2.993535255973478
385,2.980435098143099,2.927972732807755,3.0310600953432814,3.149758611253576,2.924808227944554
386,3.0457801058099165,2.964575483560515,3.0666025488260518,3.203602550994688,2.9320064194055333
387,3.163598596054263,3.153327534051581,3.212630497117452,3.2077349936298343,3.103148697162556
388,3.511913313351468,3.462309831659057,3.482283505055809,3.4237130372594207,3.3796245832651213
389,3.786938174342533,3.809820480815786,3.816161019976389,3.8204428205601606,3.6599194967770257
390,4.038650291310127,4.077855512921751,4.123862907966887,4.030076148061048,3.84250822632182
391,4.200450501954652,4.26683373495076,4.305123708870648,4.3391883130101165,4.023483319592351
392,4.55224149157597,4.702506693838688,4.613643432068376,4.7093562164550935,4.3912957306949565
393,4.695050429003506,4.761811779079354,4.660050292331649,4.776458299334713,4.456276380676871
394,3.775553759185304,3.846603984646898,3.7120190054287336,3.813983275380005,3.588487263539105
395,3.62279366009553,3.6971773541895625,3.650739434767959,3.640109059346804,3.4999640951342568
396,3.303899846351709,3.4261343350382005,3.341746093468898,3.187649621832175,3.211027246740908
397,3.397516278086658,3.561880488795389,3.475201208532397,3.2899605890298464,3.3972079415712155
398,3.355746638875348,3.547266047105301,3.500921369489668,3.43430628866195,3.4364808346574747
399,3.3086763344653067,3.405590523114758,3.4797156712036097,3.3959014312468194,3.403164970279075
400,3.1199299169699684,3.2675839947511367,3.319654487709697,3.2637133059561227,3.2440802834829245
401,3.1300060934967937,3.134266902867973,3.273165532283578,3.2049033435753573,3.22625443383705
402,3.027768597304036,3.091699921011803,3.120408202108204,3.0554465601862693,3.068098069876599
403,3.159046580092814,3.178456299847783,3.2143501218797166,3.1917737965369755,3.1116262975781552
404,3.118555156694622,3.1636019608034958,3.167160346097465,3.147001968699106,3.084593632427322
405,2.78608163429309,2.758682390177287,2.7879012660216254,2.7996280210996223,2.781148294524201
406,2.703333478119508,2.583314388960421,2.7266184636622817,2.67306782018802,2.659190501812186
407,2.654409603852164,2.564600960368836,2.6853710610360424,2.596558085948099,2.611551784199574
408,2.6899315854287598,2.5967585699934386,2.623506134754837,2.5996047008856498,2.5530101632785844
409,2.7597850780439344,2.7121348334471707,2.7229240870956706,2.627942682761019,2.669880792974576
410,2.639638295959564,2.625044717033165,2.665400495168658,2.609963232299244,2.6003389312921312
411,2.675553181941013,2.70691333792504,2.6901247572442286,2.6729337935011883,2.682503857865736
412,2.8596195623930503,2.8225875303271413,2.769513456586799,2.8169707400768567,2.831979484670052
413,3.040217839068579,2.9782000008448173,2.922126757423688,2.948547952019631,2.9701435834722467
414,2.959986177885648,2.8294199054624016,2.8471666951235437,2.848899167240478,2.8754407585147783
415,2.9922611709333826,2.899632488064736,2.9273729178714074,2.9268211691021926,2.9319909198629106
416,3.1553632090389714,3.0709500444623834,3.0044509036711373,3.106065731161548,3.0928527097506784
417,2.8871973708923453,2.829841040317329,2.7700482400805453,2.85017584436379,2.8561544107133128
418,2.6762066451821838,2.600952345970524,2.567380902278855,2.6472074023009915,2.689153333692293
419,2.6482956725569204,2.621674507096048,2.5982036184266137,2.615728941944652,2.677950562791078
420,2.6898723816389336,2.691985622802979,2.6893919763612404,2.73198463325407,2.7551112959293595
421,2.805176147655787,2.8516021632227058,2.8421204267364173,2.890351513005779,2.900877929767832
422,2.940812237139543,3.011441291392724,2.955671430357652,2.9779952291971954,2.9933674052228367
423,2.9773139932507053,3.0637424365986794,3.0182347425180804,3.02308584784735,3.027230787909651
424,3.1775180679221826,3.209763802282346,3.1968671028739672,3.1942693042023365,3.233967445454875
425,3.149329279370179,3.132211049720529,3.142449634025994,3.1201949866186114,3.1736275929047992
426,2.9619977270649613,2.9703751170107533,2.9844834813903898,2.93245142209304,2.988227271248117
427,3.154956468755479,3.1353846729029864,3.1662950256242985,3.171362124989531,3.1754626840678566
428,2.923076115279048,2.8810478274606206,2.926636103069576,2.906071111008259,2.9629035676623223
429,3.029941844221252,2.9830385866031075,2.996168233084444,2.994578870427349,3.042560555205585
430,2.811055152974322,2.7360451596856605,2.7866488607960163,2.7610386331102768,2.82223144058362
431,2.9469618600646594,2.915985961130946,2.935878351149881,2.919817280148568,2.9879409346127934
432,2.625417027928408,2.6144547483951937,2.619488579176959,2.613222613839365,2.680798992734795
433,2.5882489143464,2.589609711520062,2.6225202833064927,2.581833848627907,2.6248967894619843
434,2.6136368652518094,2.6152366937560587,2.6335756005505715,2.604630508377635,2.650559346737277
435,2.657620675795828,2.68026686213618,2.6968031319148413,2.6670548148155158,2.6913186899705464
436,2.739683934199289,2.713907676808895,2.7631814540752737,2.7332184918619684,2.735185889625597
437,2.73532128641679,2.7456520018156416,2.7952648502946973,2.73305605255313,2.7659968169366884
438,2.6832459323493576,2.6288798477974225,2.692952362654669,2.650559433285662,2.660809582002815
439,2.5554423973581573,2.506591177629881,2.551849388157266,2.48938610746676,2.5020964886690824
440,2.775342897130708,2.7486731027325484,2.7717349520473693,2.7114317639800545,2.7255736365706933
441,2.6351384538602383,2.629535635951364,2.689182412469772,2.590176698629129,2.648031993477934
442,2.5466773065019144,2.550445099095825,2.5647245307626565,2.507044196767759,2.540581886196113
443,2.4395032175382614,2.411967945249701,2.418290496235552,2.399861962039911,2.4552962428292573
444,2.354289111533124,2.3705077561725254,2.360341331385841,2.3301361445089155,2.378280129612981
445,2.175675577207313,2.180940727301796,2.2101544786285863,2.1384759305505194,2.2237168518799013
446,2.129570442873098,2.1374288966775,2.188820150763145,2.098140590296148,2.178715745047666
447,2.194842720776017,2.236400929369752,2.225377515460333,2.193930391609225,2.2119811859171903
448,2.2110592822584247,2.243211422768204,2.257074523668359,2.178863164620177,2.2676626409518827
449,2.211474151659368,2.245868469637388,2.255899793547776,2.219072163217753,2.263172810176412
450,2.3795034780786875,2.3300642699321585,2.3851766902215634,2.358842677136224,2.434076651387881
451,2.6153647237308864,2.5605680030302644,2.6498659299652343,2.5998444755066443,2.6558276053778176
452,2.3982819050436794,2.3404754190842936,2.386020552653452,2.393393901864671,2.453193585020227
453,2.490298552882448,2.4030019784182644,2.4559381711752777,2.4077921048442152,2.42423063175134
454,2.337654033147296,2.2945120855195977,2.348891243194701,2.302925658123282,2.341775696563216
455,1.971063446257025,2.041897561456405,2.029876945174097,2.034022911279989,2.0903175821030766
456,1.9010373832707492,1.9601264798058988,1.9146661659686917,1.8970850993236412,1.952659276769068
457,1.7593032563987745,1.8503859847729909,1.8190123162707676,1.7732065619376591,1.7999988250003542
458,2.015598937300945,2.0759469893208418,2.0642683294589856,2.0139238932329757,2.113396058748818
459,2.375427188577312,2.281423908547467,2.406142920878623,2.342935092126305,2.411132360571107
460,2.4976100288623466,2.5368450120865096,2.485009558611544,2.6032787916388527,2.647090520733832
461,2.4931356108412017,2.445491151392805,2.47498376141128,2.504616566584356,2.4385425479221623
462,3.1155749193209563,3.1835606712753126,3.2181177190834664,3.209580714930021,3.172920508522831
463,3.398172784344559,3.345959224395662,3.404740185816779,3.403430999540424,3.299639843353372
464,3.572736825524398,3.656697319856704,3.5574093271805074,3.592701931438389,3.5210714907607588
465,3.568679962474708,3.6994717741038623,3.5237872089405777,3.417720010935759,3.448519553873435
466,3.198908296570333,3.440024238053636,3.2351124039191803,3.3020752208552278,3.4443011474848517
467,3.1990779356232144,3.2550335363700653,3.254127494974641,3.206686351886496,3.2668647531941275
468,3.5907223233480314,3.4277488085311454,3.582639537018367,3.543754884023236,3.6578935970362703
469,3.5548051592622647,3.3141852227813944,3.544844706578937,3.4618336609752864,3.543155177908677
470,3.1962507960780946,3.1892426914357817,3.2567511242251053,3.233012293099806,3.364904112838111
471,3.0412372562349077,3.057991626594484,3.1929468753157426,3.206857276084818,3.2853560039072414
472,3.30297457367171,3.3792726712784886,3.350572804571426,3.5300528725181404,3.484807205840974
473,3.820866005492544,3.599435043832491,3.794345387531862,3.8563218562883543,3.692781124427965
474,3.715799957858348,3.6605101915076954,3.798293296875185,3.695785779101383,3.606775947226181
475,3.869065966919192,3.927504388601416,3.8505724120719,3.70708952458136,3.8133963540971134
476,3.800744595672686,3.7987196459557033,3.8190012489711327,3.7166859418444194,3.6909817216708896
477,4.081444212293491,3.929917095907313,3.9969053711220703,4.090255828395688,4.093075455064692
478,3.657280142585057,3.66117479525688,3.78260198454535,3.683722560436154,3.6934593321471567
479,3.422350946070243,3.4962130008065957,3.406309789661329,3.5377364199606776,3.4474117251448395
480,3.27611127160205,3.37218200309342,3.192449652479241,3.4832383963848352,3.1496269689043435
481,3.262725532878114,3.360440536618952,3.3041291635165053,3.10329588430337,3.1966355361223755
482,3.9988262704190127,4.032353776892915,3.956611910392483,3.996754923108263,3.861772169459132
483,4.725465018703813,4.721631045742537,4.775578290692007,4.690827812250416,4.719476962241442
484,5.254723479883785,5.300056016739088,5.515982207908277,5.368821083342327,5.338932948832153
485,5.011736494861249,5.359339634233939,5.251822565845313,5.3250029915431645,5.121213208282498
486,5.144429843027048,5.523703021002626,5.391934649961196,5.370639348163518,5.22570650689068
487,5.6783624142742095,5.49901467243093,5.481417884301997,5.440234653389699,5.437316386936158
488,5.251337341174713,5.206229649484579,5.446972227466031,5.413043201881642,5.058254550104528
489,5.308271196385831,5.180530923725543,5.100539998697111,5.168755899848928,4.985832797132551
490,4.340866290700355,4.377472900624616,4.507590232563244,4.331449411784159,4.237644629034775
491,3.590968430080123,3.971367827247735,3.935476842051144,3.861360535534798,3.563488752140385
492,3.581883469133911,3.5755856728192126,3.5935065823811536,3.4937266566258174,3.6457025664595872
493,3.49184138263383,3.661064275121196,3.5789334222695057,3.430684148297454,3.4848714373214054
494,3.442417084635341,3.348336740588366,3.619902597110231,3.09784520306613,3.4040247803916523
495,3.109686386276816,3.1410745043806223,3.211313915405987,3.2140088769461683,3.2966693549168524
496,3.2156962969195013,3.2415794739711075,3.088537061129196,3.373725479460076,3.141963250374809
497,3.3152230497284423,2.9416149079175984,3.1975384971501866,3.459542168566584,3.2380042800910216
498,3.698903656827554,3.3652471192109314,3.602738997209067,3.5353908932834663,3.464837645621334
499,3.360724755778944,3.475002904844143,3.573842887311844,3.576826166345836,3.543522544207648
500,3.5640523197451643,3.086165644563092,3.416091117211149,3.206644962048282,3.297006545170435
501,3.030512051950394,2.865787067381455,2.917282468723548,2.964104603056664,2.913668352990844
502,3.3262062581709264,3.237741266907155,3.032057020271639,3.2279076743910746,3.130073066029905
503,2.9124880418213617,2.561638081895829,2.770774924626326,2.7587528716800733,2.5830889742972856
504,3.06795341916977,2.83448968604999,3.0407780995773384,2.873219745604149,3.0186853777500966
505,2.715660241090845,2.660914374838995,2.738315878922358,2.804104413558671,2.8751636533212968
506,2.6351856338951487,2.7267306513242,2.8455219183093585,2.4339031629464745,2.560751725497957
507,2.653855366338004,2.75913520150661,2.8382021193764,2.6227983048383874,2.868656801991886
508,2.809275041753176,2.704993524242055,2.612618070184662,2.664463102226106,2.8640276020434987
509,2.744481474825347,2.65386586376958,2.767048905847627,2.781742790047288,2.619868333499116
510,3.08098182648098,3.08380198122429,2.933555779995007,2.97642256479753,3.043167345497516
511,2.7128256603333,2.6359213335326106,2.480439860768249,2.633520901396864,2.627018838440154
512,2.6141521518892925,2.4622573806806707,2.5593182364761886,2.563606121293991,2.486117294742935
513,2.356397243163562,2.280641852838233,2.4577209588197464,2.609105294397819,2.4372664850055585
514,2.563113707949047,2.5171543139066515,2.565513168053453,2.4668609780403186,2.574282686431862
515,2.717349104308067,2.7009057031463906,2.8781927104710943,2.684633175507347,2.890417726805401
516,2.6639402479120995,2.741859090114344,2.6310742930331035,2.71299999090048,2.641953235195701
517,2.843880264571478,2.975986089040444,2.854261329861578,2.8945679144053127,2.81426142760544
518,2.9880823859944097,2.960516326897477,2.9103512020321025,2.994176913279285,2.950564626543277
519,2.95362779346139,3.0127956072298425,2.9641167125101644,3.0433113275544645,3.020935550070993
520,2.9599235142245224,3.008685841439126,2.915560144531471,3.047536611413985,2.991857479127545
521,3.038937891581792,3.0051263941130686,2.938184727455486,2.999938400020001,3.051451300593334
522,3.1459794148969227,3.087127334668064,3.07383043431539,3.111119693247239,3.189649226739205
523,3.3063155178115924,3.1754920805910576,3.1994591541389523,3.185356156790768,3.353867712876963
524,3.370188417452037,3.2915033473243898,3.3095051704973577,3.3169994728687064,3.43827475320405
525,3.5340800750841805,3.471153863494992,3.39019483022867,3.5342614529538494,3.592059890738484
526,3.839117033201734,3.838875228110472,3.8390584689954825,3.898990524500388,3.908915009540947
527,3.649119601973488,3.580666316059389,3.583847979284267,3.6911963540398376,3.685830219035207
528,3.791589358846094,3.642046502610482,3.689457899804392,3.7577654319065257,3.8547960978825664
529,3.758272333291701,3.649745376227671,3.706495154440789,3.6714713657358846,3.846109547067467
530,3.6005205770490503,3.572892150550089,3.637224886850584,3.591342158659803,3.6649083298205136
531,3.211766537251916,3.160336435924753,3.2194814134963066,3.175783457590549,3.16393467206344
532,3.2136245947635187,3.2005094520744866,3.226603911323776,3.138226112727871,3.213793407797976
533,3.138835020026018,3.124092930195383,3.2025752364960365,3.127319164941895,3.24779480350187
534,3.08169196344004,3.1350299710978358,3.21905712416671,3.1178692967879784,3.1557876850099973
535,3.3178205098664137,3.408648734474632,3.421474398563237,3.375322112283006,3.392120797642263
536,3.4660806738091146,3.47266268055546,3.4246822486799577,3.43569920116564,3.441658686439755
537,3.685541089176392,3.604449654250315,3.601346129963574,3.5628887802115026,3.673932698957217
538,3.6516411887478415,3.604372792507696,3.57605698732189,3.527571291017221,3.626773157251662
539,3.4475207331143305,3.3769609021779936,3.4097092728452822,3.42577922486746,3.4521054033586096
540,3.223106203388742,3.142611531027905,3.1738572620947494,3.3025699171729066,3.186336655040003
541,3.2874933514988345,3.2896962962414613,3.224063735158538,3.3421984011421646,3.315946161776052
542,2.846117082074676,2.8465071826032595,2.8271299794355755,2.819195068851585,2.890495403131832
543,2.667418520435564,2.670935141784676,2.671610632364376,2.687591826299714,2.7506596562722003
544,2.8748144431031206,2.848332862110706,2.873937043953949,2.8700142583119974,2.9236820609764
545,2.723389314545263,2.6018538881805324,2.6377951059389244,2.7042764070679417,2.6614973823565835
546,2.635276717653356,2.555208362485119,2.607060947236437,2.6843198877837007,2.617472962118547
547,2.916920368482137,2.8033098400398964,2.837101432209411,2.9344753775025256,2.8205371187335437
548,3.3083916023451265,3.184587004861869,3.2276909526925204,3.2929850207649287,3.239595769872468
549,3.3914251619159046,3.3319587145153826,3.286117379327524,3.340630460160712,3.4054770766390723
550,3.473626800503524,3.49785088743422,3.4374400049572924,3.489398788875326,3.48849645227319
551,3.4733478728492964,3.450299694491656,3.4181068780517574,3.4813640463911373,3.493763952995031
552,3.259440324847862,3.271301523833509,3.2483981561590736,3.2172932976306883,3.3366096653606645
553,3.217471598327547,3.2992914987667725,3.2395048557582555,3.2415954588984226,3.3379687513375638
554,3.109271244815187,3.113976919309756,3.126941034470588,3.1158138453248108,3.1654495217904883
555,2.6310089358196707,2.6703141405811337,2.647078068615587,2.6487433186030667,2.71054729140776
556,2.684163641773261,2.701217768398531,2.623213960620033,2.7017394430573813,2.7451967878993564
557,2.5241506215500538,2.479258037636068,2.4827892106174243,2.4654035875251257,2.5951312854042694
558,2.3451234307097097,2.2751565613388998,2.3177730351819106,2.319375673866764,2.3646496113959574
559,2.5875015818763654,2.510559272930294,2.544326727456556,2.543501376767223,2.569933788692997
560,3.1945073149162644,3.1861725614748293,3.175103212063942,3.174860408236924,3.207178923980586
561,3.7857526696033297,3.921721644690719,3.764649020247733,3.814674813814935,3.8228632794002055
562,4.409815008584841,4.6053653542527,4.41937473336651,4.420799317836828,4.468183841049677
563,4.622688732350072,4.786791881805704,4.663103427790755,4.63883976572509,4.677185499851811
564,4.930414175129858,4.992575847415637,4.855524048943767,4.908044531367836,4.976181936442395
565,4.88651872855672,4.906805309437307,4.831321284950651,4.805563064592426,4.91184462089914
566,5.063702877391791,5.023004970093555,5.00765718724578,4.9835040483639785,5.014017731331229
567,4.581949972741067,4.51251071341601,4.570823639455048,4.598924225070264,4.526529101496334
568,4.854198921392101,4.788833185158428,4.918769698322349,4.921665790171713,4.761118208336571
569,5.008302763739173,5.020076383256902,5.00730339543838,5.055674735532541,4.948553315085122
570,4.822687418134793,4.789929720121492,4.87018983949376,4.834676579962868,4.7636166428349584
571,4.338102173273033,4.440282427670247,4.428819524965447,4.390166472332699,4.344124970647365
572,4.579795451711381,4.667960699599213,4.60405255670627,4.598124802751153,4.566967198896399
573,4.495121671156621,4.583560209313567,4.508387646951268,4.486309340052915,4.478044044751537
574,4.277315435620688,4.364794645607391,4.28920278759964,4.326230599302172,4.293747514006236
575,4.306476219984027,4.438697088539083,4.383063796359177,4.415722169275927,4.323318580057923
576,4.073839457793336,4.102715789640629,4.106386135565806,4.129692086660904,4.075253370372816
577,3.4705415906309813,3.517940686705158,3.521990070002632,3.5276037416025057,3.4783200633044085
578,3.7311062260995342,3.8112981610716714,3.7583483263343833,3.7516422754337295,3.752092005350105
579,3.4728588007041847,3.497981340081457,3.510817177841197,3.503758903735599,3.489164985839293
580,3.337726740370323,3.2805486898332616,3.3087592820379603,3.294510802413373,3.341580386060845
581,3.1387054991261447,3.0361033766603893,3.0682613853246465,3.10040591018734,3.105123049513527
582,2.9612469877978973,2.8711240313025352,2.86849540302692,2.856951075895829,2.935181729298193
583,2.876777212328874,2.77340091912512,2.850437106086645,2.838871051438348,2.883367653446041
584,3.048211705113061,3.014763933251438,3.0253292673774874,3.0180697151576514,3.056459994674339
585,3.0213105366319497,3.016655591941891,2.945793026034215,3.007894577022832,3.057423999247784
586,2.9679594072951843,2.920207815871651,2.864480310693556,3.0023184017168543,2.967752428761632
587,2.9381814485142823,2.917542485631472,2.863607082151278,2.963488757695093,2.966790267935437
588,2.7721575789745434,2.7122822983378385,2.6674119317205376,2.753906374625188,2.7712064226863595
589,2.6583935938647327,2.6051835429133106,2.5811174477805454,2.5790235326343645,2.6608986256407654
590,2.6744810466733666,2.593761067639269,2.512880381812246,2.5738044061195406,2.6003431105616546
591,2.466045746416915,2.3849157226773268,2.471079741576629,2.4213021190559205,2.4308667550898417
592,2.3156885607227373,2.267659164657482,2.250771763807241,2.279208232756873,2.238136497581525
593,2.053382639014212,1.9865322932975205,2.1440976344278093,1.988272927533119,2.0809791130276225
594,2.006772836093743,1.9142835160621037,2.0071507390906924,1.8401695770321,1.952252654537152
595,1.818027922331655,1.7744956847103424,2.005315517257154,1.7990287761705426,1.9320076547687013
596,2.030100662324376,2.1184974538100656,2.109164321599947,2.069696045143679,2.1945201118157622
597,2.4662517636239625,2.5088753760158613,2.5876749648599,2.400805732663489,2.522846548841408
598,3.204095449083201,3.3337153553410124,3.3634333530917653,3.260410645373188,3.320855190834442
599,3.4890822759765845,3.685016937458498,3.661864509764431,3.6870919769086,3.690255304195567
600,3.091674079307743,3.368196824401259,3.389359226571764,3.4407639684316123,3.463405327858995
601,3.040690686541691,3.205224891653547,3.20147875691288,3.289378140084625,3.2548920237706023
602,2.8263767071383112,2.9595658951885127,2.9684923677132447,3.0721162472402934,3.0369033603829494
603,2.988681148508827,3.001587710165894,3.044714510995038,3.0115004659958773,3.143561108348346
604,2.784124417932372,2.892602359874244,2.9392513465275862,2.9334649371657124,2.981950025486364
605,3.0586311205214143,3.0010952210785358,3.091574600402141,3.253895678804926,3.2236820073667447
606,3.442603558194476,3.382246591165051,3.4439357647912154,3.574217421809781,3.53414735331107
607,3.214445898374126,3.182074219192274,3.24847297430224,3.359506716901868,3.3454585856811025
608,3.4525957856830525,3.349144984080477,3.4911078650117755,3.531885232177177,3.5563489616014503
609,2.997239881755927,2.907910153056694,3.015663414702252,3.0964563123187685,3.1458527849214613
610,2.801697749855665,2.7200864086198324,2.707786526358975,2.844488657208667,2.8763959811384456
611,2.56821415942514,2.481135696926084,2.4808709266206503,2.4993359517839204,2.5386718005495523
612,2.304430469132706,2.280674721362327,2.216147654969551,2.2837095924844406,2.279747542286589
613,2.298593392827818,2.1887971031267863,2.269776793509785,2.2319543758617275,2.247601037905103
614,2.2811084189228983,2.328957710253157,2.2503074481873493,2.290252221073944,2.181229304313582
615,2.321318864043352,2.2838106002422864,2.22777872814462,2.293051702611145,2.288672463891688
616,1.999619393297261,1.8543621825099077,1.907815864160311,1.9114178677407063,1.9265345812997607
617,1.8830348422246344,1.8211201759003397,1.874806674684916,1.9200764852211665,1.6723759844571804
618,2.126793135082983,2.208496285945674,2.1627409528709345,2.1212081113964985,2.1241141102727084
619,2.2034298165132857,2.168061703894023,2.161868155021253,2.2197446315140126,2.123495259479959
620,2.3411485797308447,2.2852302648479483,2.214974326880831,2.349195606909305,2.363411103588296
621,2.420679570222553,2.41252787745953,2.3467018487421165,2.5090473710143573,2.449918308956883
622,2.665300618658797,2.689923692748304,2.633289750483442,2.781741411767991,2.541165270212148
623,2.885538094861586,2.8236674598009133,2.8304661469234085,2.8250639497774563,2.8125128258594683
624,3.257622873114746,3.223952481712536,3.207536137969532,3.208837876217594,3.1274871760144376
625,3.1428739312724785,3.009164382672316,3.1751651512465853,3.0672135626151484,3.01126557148903
626,3.216596222968256,3.1875981645766704,3.1322871599508995,3.13890909284724,3.1588463716347177
627,3.6654821020068526,3.630182870749634,3.5995474074631737,3.547802344946944,3.6428586516181296
628,3.79257403950018,3.696080922288276,3.7563594962958673,3.667743612181338,3.8635795369569728
629,3.7696703949351456,3.7627131666710714,3.865005616284844,3.9193491492879007,3.924532133218293
630,4.223594505044515,4.273761037392264,4.279808194587179,4.2657945154276735,4.319787114544446
631,4.307915053163922,4.265502957844304,4.298194790687848,4.38567652239231,4.356986338201425
632,4.467412786435857,4.567259420588549,4.448783620237236,4.463289552054416,4.576989191056006
633,4.8710673226999885,4.894069601770327,4.946552465803836,4.923252055532859,5.1513854217439805
634,4.963028838198735,4.920089914301014,4.942159597468939,4.996851023566627,4.929014284146541
635,5.424750038497556,5.482739092306724,5.309252947366185,5.478731171507785,5.444035090017872
636,6.055168039832593,6.204374843720826,6.10148147544127,6.07113963102184,6.092064847976355
637,6.077268978799698,6.221849075887501,6.069319839554376,6.037065861409107,6.068266803385303
638,6.401002752564972,6.497189041614546,6.485029299137087,6.475675382716092,6.51568596702156
639,6.598775621431005,6.512275211682556,6.553478044131814,6.492624023593994,6.4093862013953125
640,6.172874071351072,6.213288013827322,6.085180843796862,6.111682839360166,6.05016205106847
641,6.546446762518371,6.492493069068173,6.519694793460235,6.502033969129416,6.430532788772442
642,6.463689471820604,6.422023217544946,6.456534286138077,6.473160228470986,6.467115001003356
643,6.986457509986635,6.921775097338667,6.913762843064759,6.895307242742797,6.945505921439311
644,6.660115476856359,6.548763524490515,6.527014027099552,6.564239876224352,6.5700094464890535
645,7.123761686169669,7.130884612745305,6.978849254197697,7.014500026262839,7.012534558029658
646,6.395319127918135,6.486186823435434,6.30629186566165,6.392893492498422,6.421063490390949
647,7.263102511860536,7.2501147863057565,7.166152004102153,7.21742465884584,7.268322319346363
648,7.09947700042789,7.043359987819728,6.94289440041254,7.004286193270096,7.060798882986759
649,7.488676423654303,7.444324857038298,7.306696900298562,7.472229900031317,7.501922281209129
650,7.532507142551207,7.633768692367196,7.425519279317631,7.571874556919833,7.557999085836562
651,7.10665857925419,7.117798080689595,6.951810608370844,7.075553529658045,7.101757795199168
652,7.08394415778431,7.156640395964742,6.923220278897269,7.150726461818595,7.104284984123282
653,7.365652321899074,7.460049584650405,7.227481290804463,7.412607790390948,7.459612066465344
654,6.936100358482494,7.000996433682502,6.709763902279,6.892328584230497,6.9369773481525066
655,7.025208042991669,7.079874517932916,6.878328896674464,7.044954807386056,7.033448755963871
656,7.103320986748187,7.045498371993041,6.907166433858759,7.036101672363491,7.097041681251017
657,7.158169684003724,7.204005969276564,6.9095518606740365,7.097485390345434,7.200719615475605
658,7.427246639959627,7.410207415184967,7.223381944454895,7.334701844305982,7.555240530420768
659,7.112234884262535,7.10517113726925,6.951705932031328,7.130970679968306,7.232358015082874
660,6.700143576792234,6.6875523818880005,6.41524433993042,6.597070834540021,6.818522236292529
661,6.211831795978463,6.246609633877495,5.976755487475476,6.232830397913244,6.339682940346233
662,5.678386600851376,5.660552967336026,5.383708781695172,5.531664121981819,5.697635036037828
663,6.231722264669494,6.167416189586273,6.30462160148103,6.028891779208929,6.275678698642953
664,6.175604944393703,6.03900351717504,5.971069756779845,5.86081319664983,6.038652470064561
665,5.418937772254967,5.305443545319593,5.293338662843366,5.164094230585284,5.21110697707813
666,5.545663327996539,5.441982828217332,5.516515568429502,5.476778911452585,5.450461111448049
667,5.870199982576868,5.880836276550324,5.957312829177386,5.84701090319291,5.976128691167988
668,4.617405122438231,4.526464050160636,4.547764729032109,4.568912960812675,4.580622109888196
669,4.774685784326499,4.624463079962654,4.790877762380357,4.722835887364454,4.67755309764478
670,5.123843281532247,4.91206754584031,5.234402211672116,4.967777367420361,5.185885786716025
671,5.326499906522752,4.973326062084047,5.118831181742997,4.971242981104648,5.028518442689736
672,4.896039043938696,4.781152550029697,4.975975331805675,4.981876278460126,4.806539765294348
673,4.776926619705101,4.888024099132846,5.146206216707244,4.961534275455429,4.92134124384574
674,4.968303530879791,5.312022618596507,5.4734421793763,5.114445447960573,5.088132516444556
675,4.93269678498588,5.260446945741596,5.222344779456929,5.064903200430816,5.192395047438721
676,4.3898966342209205,4.65453306134048,4.523534417599195,4.5164633585911735,4.718537010695029
677,4.459405071251039,4.610245888380091,4.459319387553904,4.586904480637918,4.472793544220708
678,4.440738972355727,4.719865331547477,4.428026746056518,4.565227517903276,4.543504924249353
679,4.114090048428868,4.376803664161223,4.195629253120393,4.260918104364404,4.251322716138386
680,4.0475445475827065,4.317594156659776,4.091252684557648,4.307575242916111,4.244571262989032
681,4.060411625565565,4.20886168185257,3.982670122411693,4.142193916783374,4.139482721614298
682,4.113095392277328,4.269277824717612,4.060874242754505,4.099312324792219,4.1282425508743055
683,3.976569064198614,4.122839618677115,4.009709669303569,3.961562343816406,4.080404438475733
684,3.62395123733572,3.611911142227685,3.5098876863427337,3.518437431856676,3.506577587530316
685,3.637690355006093,3.6333788799021303,3.6235672281655815,3.592886138268278,3.5338128574102234
686,3.5653084400662327,3.446426444873394,3.5125136273135915,3.4590066847757908,3.532803636518701
687,3.530307878478204,3.5017137746208578,3.5001969809013955,3.3238767214595537,3.4316691348143085
688,3.5263200291506647,3.443590793891736,3.596859941319604,3.489108860815602,3.489526554439744
689,3.503394529619217,3.599608122458427,3.5803293244647314,3.592240968340695,3.691649882422845
690,3.2448718036920488,3.344050169044916,3.2238955552766995,3.174904226176947,3.2445799458284097
691,3.351839592044485,3.2124938162496384,3.2395624065347044,3.305588407363141,3.308405557302282
692,3.340638952247588,3.0002146662125604,3.161025756660571,3.217054577131093,3.242500090634999
693,3.4859121335225405,3.4363272694221,3.369548946044168,3.5199956195716995,3.586945010023842
694,3.5396652373386828,3.4016025373619825,3.445346459351529,3.542929918525154,3.5856200634130837
695,3.5483381589926304,3.4184383201963016,3.5381107386432205,3.761239283947661,3.676132030816379
696,3.399124546933833,3.202363292377978,3.3426208708533705,3.447626091574267,3.450034547456027
697,3.459813059914836,3.1453329843038413,3.2197082131881904,3.409605543785107,3.179967038085316
698,3.673111015333795,3.30919819174522,3.3192749526130925,3.511795170912622,3.4583716306828074
699,3.909812207512128,3.620033886630343,3.579145848675723,3.766697539706642,3.616109706775551
700,3.6155269561115513,3.346807294743458,3.5383592380645936,3.4118551760850786,3.4282707767424934
701,3.719116990116682,3.466082581360745,3.832924492678995,3.683338671039368,3.743648511649594
702,3.4251284163036337,3.493119622502173,3.627195730385295,3.4954294200378464,3.5751057961961203
703,3.660952026137808,3.993149596658209,4.055256800215382,3.770456578345547,3.876774897608905
704,3.721416909615467,3.873015265494173,3.756058804794601,3.835299857234773,3.839853781206175
705,3.968739422790351,3.963807532539904,3.848439771893907,3.901910659064169,3.745504974833755
706,3.554747268510893,3.573835762470531,3.48075187492563,3.5992047602100468,3.5795509313556897
707,3.4705205203060423,3.5491582848438856,3.347647191887628,3.5228266687873986,3.3904151475653244
708,3.371106098145084,3.3494767818906195,3.259526096090847,3.298336880924819,3.4355720781515293
709,3.3261071017347,3.2563851538295974,3.366757107828096,3.3066952937412943,3.4122328834936115
710,2.991426054125625,2.8816384644762656,3.0772801868118567,2.8197449938648864,2.8619974569086875
711,2.679269867672003,2.6589013928547023,2.7623641267297776,2.556681843425877,2.676776809664051
712,2.820649343778213,2.7802769477307403,2.830630665910654,2.754159602788806,2.7294133228040165
713,2.783311401342472,2.8270191627548558,2.807758476666779,2.640901824519268,2.67625218082625
714,2.9285609491800475,2.928684438429767,2.892978545887727,2.829823244365845,2.9068127962003105
715,2.8634402143775226,2.865988127271124,2.809840765224758,2.773824338388005,2.859387410461045
716,3.028524530283618,3.048430283707551,3.010776815402091,2.992492753702391,3.058848901048503
717,2.950428969883573,2.9465918010465986,2.916281396497393,2.921838681350747,2.952816036426012
718,3.131891021747584,3.1712037571181595,3.11779347303476,3.1538854004779227,3.180930904167715
719,3.3071852948830776,3.319322715346689,3.322460338968627,3.2775880487940503,3.339104286580325
720,3.3137732169274514,3.335794330236348,3.2655721971240843,3.3027242306844933,3.3666142058479105
721,3.415091899889195,3.4509533110140755,3.396388561441651,3.4049642985421027,3.482178731798803
722,3.352030859730701,3.382976567697169,3.340584528453488,3.3806003956367654,3.417428814757875
723,3.3607572857940715,3.373152796935646,3.3361140081296536,3.4109143533299098,3.423900190353679
724,3.6737872859637455,3.69214173140678,3.6637470369760767,3.712528939715225,3.74369839760428
725,3.905130173906369,3.9071371085164506,3.8837997288717423,3.925354586741235,3.946438322754965
726,3.8102843763741694,3.826757258287418,3.790071777214045,3.841002817919739,3.8515415034635336
727,3.730098807119748,3.709203747252748,3.729060917552932,3.7892538825794992,3.7975949246938776
728,3.680542947281433,3.688737529336698,3.6444802028222663,3.710909993312786,3.758092077680503
729,3.525819331767249,3.514152514193932,3.511434472699745,3.564517961562167,3.589945625764578
730,3.3890682735838213,3.337257667622062,3.329829317224496,3.377380767988689,3.44834756315438
731,3.4219438408718004,3.3922885148019954,3.393380697563999,3.4312052065541,3.4691431744036683
732,3.587114043123376,3.6278375651827326,3.5841280356890923,3.625998464831019,3.672558209687428
733,3.430840803647645,3.437876963131152,3.4265621554752688,3.4796011511570435,3.5117264005706312
734,3.3249559778380946,3.320566229907355,3.3063273235889192,3.374556016434824,3.3930839848154712
735,3.5245616051602866,3.5010969236166063,3.4779606957837474,3.5509782910902747,3.582529402654961
736,3.6973679629244423,3.7088478149965294,3.691776922624671,3.7253790461042815,3.781546166211233
737,3.481436387902453,3.432648147343842,3.434432942902653,3.4993642513855834,3.534921901225629
738,3.50936457476202,3.4795450702487134,3.491877645582573,3.5714564840467062,3.5477159930455597
739,3.1453738922868517,3.018182445821692,3.0418989674254773,3.129274325850504,3.1386319202875472
740,3.40448830288283,3.2743269826536627,3.289567820981745,3.345771402617478,3.369938470371953
741,3.222010695667353,3.131588254914858,3.1825463459168155,3.200336443476703,3.232890086271547
742,3.034018788160728,2.9486722884449623,3.001102655832676,3.013924967263219,3.08224510944148
743,3.0175563731019164,2.909911409773268,2.9403633107410734,2.962094365458367,3.050284694595968
744,2.7570737013099977,2.6864974823403145,2.663215758688245,2.69646896612832,2.7724724181488543
745,2.543923320990751,2.466383414523668,2.456950583300297,2.522823697231789,2.562380797985469
746,2.680911541439328,2.620552093742665,2.609127931521487,2.647190028614401,2.662608004644863
747,2.661692085042588,2.6666637680990064,2.6016825044291094,2.657024272580432,2.6978736226168536
748,2.378171018715401,2.355559286007761,2.291089612810316,2.328934749475354,2.3998190965178856
749,2.383095328042634,2.3870160851416693,2.422452507857828,2.4101871460763853,2.4194681782953267
750,2.315352758881738,2.292056954389333,2.2973515844230614,2.3182189178577444,2.3727503816945665
751,2.3315318914168217,2.3049606433858347,2.30012199812628,2.286931771243891,2.321473879463363
752,2.0315614671844813,1.9651810581728248,1.9606554438702124,1.9526311902322493,2.0111799851924306
753,1.8387031670779337,1.7137272154813994,1.7247379769037083,1.7518233363569866,1.7855388954239877
754,1.7113301442156563,1.604135025072513,1.654073674425798,1.5869487949554228,1.653867188070799
755,1.922755946813048,1.8360662468064972,1.8664930467456868,1.863374925658989,1.8637823631871384
756,1.9149990953204492,1.8346109396166097,1.90806294336827,1.9163253951226968,1.9420938516096848
757,1.78860428085594,1.74565687473124,1.7804477107864225,1.7658010069784686,1.7618165369659855
758,1.998672153008746,1.888737828280288,1.996763582852873,1.9699653023750867,1.9609536737243196
759,1.94889924811498,1.968245982730295,1.8916062865240455,1.9345440536388687,1.9608303843763053
760,1.7437730092396475,1.7125638568019983,1.736038934085963,1.7026217918179207,1.7848920770949912
761,1.4802447398528926,1.5193825021252236,1.4969586441001776,1.5371330224794943,1.582125661918507
762,1.3378257406041871,1.3440116211579562,1.3243865161851205,1.309645794537015,1.3062676736970182
763,1.1853864557200713,1.1694146315489542,1.1780712173331405,1.1723448119714577,1.229390808005003
764,1.132615946861285,1.1624533103903651,1.1445317895627898,1.1414064262868098,1.1085527481232686
765,1.0556136638056728,1.0749759315403833,1.090680703484071,1.0906271461000216,1.0061119586534202
766,1.230389527289564,1.200961337986335,1.289772385621269,1.2223302273545094,1.2747111130317283
767,1.3480531697277942,1.3433814328839864,1.3703690397501087,1.3978554081651433,1.2978373697237156
768,1.5087718357868576,1.5367493229656264,1.5479762249233613,1.5356941113724245,1.5362791606303048
769,1.6071990986168612,1.6314324897071095,1.6382596399494491,1.5923262654944916,1.5646963782356054
770,1.5388388539264473,1.531351932046643,1.5516245633751566,1.6536646657147005,1.5912151763426448
771,1.618263084615604,1.584125908846567,1.732782554091652,1.6142238657643424,1.6672125810006708
772,1.5314620446595864,1.3870409415357046,1.4768862307479282,1.5562669275435173,1.4405417437993897
773,1.530818165720108,1.4976433601278405,1.647932093269875,1.569510630324352,1.6466503483118269
774,1.6726785650957805,1.5415775282191846,1.647410441284974,1.6302738651122102,1.6191893619530913
775,1.922213657378476,1.8304093829110648,1.8417674469772365,1.7908646409656337,1.9381582571936449
776,2.519885889063266,2.383647720502965,2.5628877655582865,2.406587147902726,2.54745246934377
777,3.2460113065573952,3.05674735125775,3.135767608729616,3.077045793870509,3.151854055502606
778,4.012267522410465,3.937452281749171,4.0307055519884925,3.943731830290568,4.044079286309273
779,4.462447765481268,4.37159256151024,4.552719059841476,4.451960370331008,4.562379822373473
780,4.193070690275619,4.194854682934699,4.24940289912715,4.294467004343442,4.311612753821158
781,4.291842740008281,4.25353667273186,4.363217785201735,4.364653216714928,4.434391631612963
782,4.479185551486077,4.577803353707343,4.569231243424208,4.666227898097254,4.597635282695734
783,4.284284846367424,4.346875959998677,4.23677617124453,4.321313584240838,4.436895731258956
784,4.030793750341348,4.092130710746779,4.025269751051741,4.1616627500854175,4.129070477208248
785,4.47275046013634,4.515291266692754,4.481071901107494,4.449591033341328,4.433051469564259
786,4.803026657854262,4.63839978517452,4.735167620720976,4.623464229071991,4.6791502222820816
787,4.775123020162535,4.696753589499469,4.552181084598322,4.61675314410801,4.633956630374509
788,4.703043282558494,4.755616233297874,4.583272105415779,4.550694621786011,4.646338998080483
789,4.9630577561770215,4.879561451223449,4.781432429431033,4.789117442105177,4.761527463014334
790,5.047755894913037,4.958322938389059,4.84760052040985,4.863715080009971,4.754916605916198
791,4.7000966281666905,4.735183407646298,4.5715623462261,4.631319968092757,4.500810607358608
792,4.601503218981258,4.675622077267449,4.69256656526359,4.617564808280865,4.537118639208269
793,4.433547774879259,4.437436852508204,4.603530391392774,4.480174869446239,4.413789019408794
794,4.372288903194908,4.27888828311544,4.475744686114285,4.394637916495811,4.2673417646272025
795,4.191216423174664,4.031580874544651,4.14303397541123,4.069517225330359,4.062428079795337
796,4.229064217409347,4.069168179468421,4.253264497423456,4.140118624968099,4.139180311471159
797,3.929810914090217,3.759917116024501,4.0254626933750135,3.842129784199097,3.923448216709701
798,4.15885089058184,4.098000179076957,4.161552675483134,4.117209728584933,4.183741883218006
799,4.019074656543571,3.989811627661457,4.02065064595118,3.926041594315604,4.063771478900524
800,4.212818881408435,4.200741797437489,4.258593712678434,4.12617025854604,4.264600549651992
801,4.061484188617947,4.0915020808558165,4.042978921941447,3.987311327624514,4.077003149148267
802,4.461478893753726,4.424822304417077,4.499848171834375,4.352755191131763,4.496750512246465
803,4.516483400357157,4.51546220698526,4.5320183657981845,4.453576579223426,4.603825348220052
804,4.607068906961065,4.596651896484962,4.65691254478082,4.587879903503834,4.692757506352061
805,4.596978002884903,4.527005824458398,4.547348222903881,4.536513246973397,4.585273782978069
806,4.346327801819072,4.290679689905473,4.290593466208572,4.277723919355123,4.388717155666562
807,4.204891981491214,4.165243939248975,4.185106619000918,4.100374177480477,4.260955324053534
808,4.063785242099086,4.081514714612626,4.040205862976041,4.039168933079178,4.1152870071757
809,3.842587310238286,3.9067085076806,3.828949819549584,3.8998230465767567,3.936112267688775
810,3.9094755499729774,3.971839995607136,3.8938797078065424,3.989519740785718,4.043249293958228
811,3.992785903311192,4.114175732065275,4.0567402992142645,4.104165857791927,4.164074029484127
812,4.297444440553056,4.490690689491477,4.423241201407505,4.460952171688908,4.530165131272048
813,3.982406449227754,4.0406449424661,3.9343447626319183,4.050935752345503,4.079439750461588
814,3.8420735244275184,3.800799274718481,3.7614132769816506,3.88762536586836,3.916687685132917
815,3.906998663453959,3.868899144730089,3.866918962664737,3.90687495026894,3.94049215667986
816,3.907541866312676,3.949389778840632,3.931711587241099,4.037381098949632,4.04644037502842
817,3.5322100603191027,3.490361722013612,3.452385448190203,3.55495494267942,3.6320145891068383
818,3.4980047558652148,3.476890598469061,3.4202338271133983,3.544509689226605,3.595324279696105
819,3.2559728416252463,3.243454034475284,3.2659118686291397,3.255554844044488,3.3562471261496265
820,3.0220682532840866,3.0681124268544915,3.0159304625303123,3.0539134342158305,3.097098600048548
821,2.8412309416838677,2.8723239883045832,2.8079063346997235,2.861886395743501,2.8876860856531765
822,2.857656003876457,2.8739066685572423,2.828131005309793,2.869390525689876,2.90120581932646
823,2.53849259253992,2.503146588863432,2.5202342209461284,2.523297234265569,2.49812507946983
824,2.741419552695909,2.7794796892272604,2.7655258462323187,2.783632314518277,2.766879121717941
825,2.687700633667365,2.7696920082688075,2.758093562517109,2.741635832213682,2.7830981824848924
826,3.1284019944337373,3.1388546116240543,3.0928195567537844,3.176190193254169,3.144872423626909
827,2.7621088881869893,2.7565556949143857,2.7466912143984525,2.799599657873617,2.774165348482302
828,2.546420733343583,2.586945507992898,2.527368737341232,2.583055182164198,2.578881090549065
829,2.401666078212935,2.400618346644015,2.4212039713159985,2.474053973162907,2.542244768724763
830,2.168560678005329,2.254580506561471,2.1953914258545857,2.197331661267799,2.2990042930076844
831,2.0003672349768125,2.0193965627581583,1.9607323629768876,1.979544942641644,2.0264403018697754
832,1.9933431492879727,2.1759096775021343,2.1352828853323897,2.085118288636882,2.062026125606347
833,2.1319609080712625,2.132385872374157,2.134521687271604,2.1433683379095148,2.127789634029853
834,1.9951685052728427,2.1577271561511213,2.1297240323264925,2.059095872629636,2.099163019463655
835,2.005892447898632,2.077160163842277,2.084772425771844,2.026391861391513,1.976085653047826
836,2.0430737340097904,2.156158283240687,2.195051279606623,2.059218345452521,2.174972748956344
837,2.383805318324168,2.285748182635933,2.2920602603829767,2.3063843428475126,2.2331372483552165
838,2.345629064831044,2.2551079398230582,2.224258268501208,2.121411513339785,2.25476231726265
839,2.0136447565993616,2.071695908828724,2.020273340204283,1.9898697020436216,1.9082212049913136
840,2.18149303198759,1.897982162375989,2.09055290800413,2.055349047291933,1.8070922613104696
841,1.8596158392945643,2.0132340113386937,1.969745521714603,1.943114736109597,1.9368524668180995
842,1.984193515288865,1.9249490527073263,2.0458365025556358,1.8125409419946985,1.8568862906945711
843,1.9255160111737903,1.893842669834141,2.018837778209405,1.7332731015633405,2.005946308246909
844,1.8494025250117248,1.717013540772684,1.797200536617539,1.7004959779240394,1.82743259102718
845,1.942586298153902,1.9806670011990508,2.224045727442152,2.2356580414565106,2.177850079467029
846,2.3711658121357444,2.353552024809675,2.401816166040329,2.4638028230622973,2.4913346663965013
847,2.161026026199246,2.3243773292238545,2.3211221806531164,2.301935976907021,2.3920199612229047
848,2.35429949198906,2.335685521527697,2.4473887143793838,2.384015458834769,2.4600732641552625
849,2.0454807941933995,2.014888776408608,2.065128682841673,2.023920166404,2.3249913301599068
850,2.1817022774383177,2.0166800432418346,2.268208103269285,2.0426525501262494,2.18297446398212
851,2.134907344638076,1.978422779016951,1.9507165666116408,2.160423321231405,2.1092271254353903
852,2.3024007029705373,2.278877598657455,2.159475310856345,2.2646661291966126,2.2833566192348376
853,2.261011001518521,2.308513793175774,2.4575545547997724,2.4749777403266155,2.505664446309229
854,2.4700993345856705,2.44118422781181,2.304551468299326,2.606488785351762,2.42006467090692
855,2.0605854101324748,2.090523092590262,2.2392038420785845,2.0814984767032305,2.0273604833094607
856,1.8442333780896336,1.940684108793894,2.0421220816744468,1.9184182363980231,1.959500180006695
857,2.165979476037177,2.2878002770785426,2.143452309848129,2.1979679008242936,2.065869212327539
858,1.9929258513835395,1.8071112917810237,1.948739024055945,1.9868829381328617,1.8596922930391315
859,1.7586516458362138,1.6588331228119588,1.7041801800938254,1.7600622720139316,1.5242186929543826
860,1.682987498087517,1.55095967945894,1.6494576003402266,1.4826495166888811,1.5789538632497744
861,1.7673383495300667,1.736103664854426,1.6406015921201456,1.5947065940892438,1.6143359826113235
862,1.688901582627306,1.7786942273126922,1.8542887558796195,1.5557774708783436,1.6040118412131303
863,1.5652709487599148,1.4939878445098729,1.5557691591479497,1.541728936347188,1.544720749329124
864,1.6195231977878204,1.4879558959900567,1.7202111068503814,1.5318885573625085,1.7260002286666198
865,1.4657214282667106,1.3963917143842697,1.5052557131573034,1.3685472837745731,1.519767556400821
866,1.4466100697513835,1.3606846613849817,1.4497716078474892,1.501416684997494,1.5376924145245197
867,1.409576801245542,1.505130865455118,1.5046299150142977,1.5664728250953242,1.3780893365767046
868,1.5067912116265794,1.5654300996063375,1.5963466806290385,1.5394768445902054,1.4951447584547763
869,1.5692491276484413,1.567319552282025,1.6066241829833952,1.6412583188258316,1.5268052261319651
870,1.4627576286770196,1.4636069181035845,1.4717763741723286,1.586315518231023,1.4734679797493504
871,1.6406393208711147,1.6534372675899185,1.72304378361193,1.6903291982565665,1.6146585828090032
872,1.940212082876004,1.886623311519928,1.919816083341795,1.971480817291112,1.8447482033785296
873,2.242847627927764,2.2458070830970955,2.300164157691919,2.266713711787343,2.305575978448322
874,2.713242911195014,2.506597633984783,2.6202167858726493,2.6164187419117764,2.6560149936862483
875,3.1200490490559063,3.039874998893749,3.0032184674114584,3.009210399650536,3.1602395821125864
876,3.345113894993051,3.162153775583854,3.3899908871835533,3.3712375376375587,3.427954678790307
877,3.650247951392625,3.519720127586835,3.559209535682473,3.5919074625825558,3.74146621669396
878,3.669062341690109,3.620057966425356,3.636659542190174,3.65994215238772,3.890375652582992
879,3.710833865272394,3.6168457054750847,3.623501493260185,3.658544303140565,3.812223144218295
880,3.2927139646118926,3.29811126197615,3.291272920447256,3.407810125809288,3.48087235139472
881,2.9249657520777204,2.913657215242833,3.037965958850252,3.027247004325141,3.065843453618762
882,2.614704483492885,2.7785886657667205,2.851807596442834,2.713440284096919,2.6360447796575466
883,2.158992192610144,2.2274070932736816,2.418872651367472,2.144184569275305,2.2130227855503075
884,2.316417190416183,2.2315759317496937,2.330137146457381,2.268747265102512,2.3327165326901618
885,2.6230773043855216,2.512744566490749,2.5872712665474404,2.5162287065531657,2.6328296061699934
886,2.738760506424283,2.734554852099678,2.6707543002824905,2.784807774372418,2.7306757393755805
887,2.848538409418921,2.81278850032716,2.8895651299023832,3.031915699221996,2.8358203361495824
888,3.3326731009311907,3.062879883837585,3.202205373856088,3.305219583147996,3.196566427372985
889,3.176201192365708,3.145911361820455,3.188037723488055,3.166822782234007,3.112992411287138
890,3.184043693918849,3.011729784903655,3.1295234519585486,3.197381603050367,3.01938984702942
891,3.2367144230341345,3.0108903307757515,3.1687419375895547,3.0760592521187577,2.9313859845890566
892,2.726509992486867,2.699312395285329,2.854597769409434,2.8243855111840555,2.795058874631932
893,2.725027418438019,2.606211740299551,2.7104032434754064,2.705262773651118,2.719926245787726
894,2.400887398639461,2.4927367277016854,2.495443423782945,2.5700165176024847,2.551403574263723
895,2.2968888868234982,2.369433107369676,2.3934090221748447,2.397247606006697,2.4577358413403885
896,2.451110330692575,2.570036032688944,2.480385240376629,2.57080764894349,2.534704661058445
897,2.484073072461382,2.493280379416301,2.3806986295175627,2.4357085113360246,2.4947829991640167
898,2.531732397420348,2.5692642695496946,2.4682735391070865,2.628015556491923,2.636542587872284
899,2.498197409334156,2.518529739631912,2.527006499255952,2.674074492311554,2.5579367048041104
900,2.471936535056188,2.5690772987532773,2.451774908702555,2.56394934132478,2.483953097285286
901,2.7970592359214805,2.781391792421569,2.7573310066024552,2.880699047593127,2.834803714431669
902,3.313371847808425,3.3829368516090783,3.324604664618481,3.472147527255354,3.3876927825009586
903,3.3254700387764697,3.387736540376852,3.344713553789744,3.400150726552427,3.3931766198737585
904,4.416876842085504,4.490232709431768,4.426009815177141,4.324470331948161,4.320271293162783
905,4.214804262398578,4.236759813431189,4.014781646086551,4.249506157003892,4.202416592297934
906,4.050951106719398,4.059581736170424,3.964126370293497,4.093305734830308,4.102465819848262
907,4.510242367082152,4.55978647355876,4.497267253135941,4.448068342019029,4.520127066223782
908,4.204604915274134,4.286882133652359,4.281414661626886,4.250309855699635,4.338723454660392
909,3.76231659629825,3.787860189120494,3.792549672749104,3.737227889173761,3.824381751207614
910,4.101549286989495,4.096505128593135,4.048571062533063,4.0746682054222045,4.114118573999949
911,3.753664883273977,3.739785255007019,3.802172044590201,3.7358054796437656,3.809805505480913
912,3.6016060468502307,3.63801363498026,3.661136657579073,3.640686244335568,3.608175898942585
913,3.694306243810288,3.5586841814147885,3.707237395461637,3.6514954787373,3.638590366470685
914,3.5025123956857285,3.369815447906257,3.432265319294822,3.4366714792190014,3.3591931485469626
915,3.5683752461888147,3.3818403244219795,3.4475627459052203,3.507489658982502,3.3914627366479024
916,3.3500985558995637,3.1749110197256822,3.2350971276241047,3.2169600340894275,3.148978960485933
917,3.1680109583150573,2.91080466130399,2.980472941335387,2.9816870048352926,2.860815343655155
918,2.83325260098027,2.6942246845177427,2.7776204685056416,2.7251151961737623,2.6321969454347256
919,3.0699890992888137,2.878105590872156,2.933111771335009,2.889051946308446,2.8247566084800715
920,2.639630519954439,2.53597356116233,2.613593195572095,2.485190057603031,2.390836426521344
921,2.7944212255017,2.763902402328548,2.843571246644178,2.6535152011584726,2.5807472671494773
922,2.4309996246101333,2.4004004892204724,2.439782427109304,2.2929615861820087,2.3273216504472694
923,2.61579149436169,2.5941273718407705,2.5733168324756543,2.464561170630692,2.3926781127272068
924,2.6400072044186933,2.693905673690573,2.637844357124266,2.5754512918662456,2.5127331223189056
925,2.73677556297018,2.7072956842783835,2.672212194072319,2.6230834825385587,2.6036555721128267
926,2.4264060646190044,2.4681888561604857,2.47589921932986,2.453886716259282,2.326837227487857
927,2.052285163516304,2.0648440248000988,1.9368156915500687,2.014231627899247,2.029812642215124
928,2.2665026464202054,2.0902970929093905,2.122057733431703,2.1970100531416423,2.2531574510443644
929,2.6383600976031407,2.501550791929809,2.581646884761613,2.573957793197235,2.55356764027635
930,2.2611368478610383,2.1969506530677263,2.323546120908902,2.2199374441395263,2.2781704751410943
931,2.288564924372276,2.208658377486965,2.2028663567028546,2.171825099304788,2.2060925032267145
932,2.184421249020608,2.0596273255155406,2.149855803158266,2.2259333474588936,2.035719956074648
933,2.129458321585158,2.161367034878088,2.1219625181932757,2.0772941206368256,2.160842188667529
934,2.1430792924945985,2.114771027188111,1.9766891878267976,1.9915733548435053,1.9348771042860604
935,1.871042721685984,1.825346246471284,1.788953156551747,1.8359283432877291,1.830445930354958
936,1.9732325755929252,2.014906627355224,1.9620799703033371,1.8726714142496543,1.8949042445105253
937,2.027357886458056,2.1771982090204127,2.1149590077342357,2.108342095832384,1.9766327871192424
938,2.144862864841069,2.2875389274215125,2.232972834270422,2.222119307296367,2.1831156695441605
939,2.238199864840896,2.223624125621952,2.205228896265618,2.190519360256421,2.221330078995683
940,2.1823763320355005,2.261901204080509,2.359084017664777,2.228306605064846,2.2373745116926056
941,2.1357725676618533,2.328714171935999,2.262025314414976,2.239173629792657,2.3130604275778954
942,2.1822726869038265,2.1888346680511503,2.186819523142855,2.14628891644127,2.274494376256861
943,2.039181566065817,2.0170190373209365,2.09766445337016,1.963776829989324,2.072817649903464
944,2.115420317069614,2.095672116545618,2.168371292568395,2.1442111409054614,2.1663222038885563
945,2.083504281852815,2.009118351251052,2.107308762693209,1.9709925886468271,1.994481804763076
946,1.7061086680083395,1.6563726730715596,1.765152217875222,1.66185475667836,1.7260409710619022
947,1.7398049784991405,1.7331949924193075,1.7979519146402514,1.8195151161830136,1.8087660519921092
948,1.8194700415933471,1.7925730998724152,1.850059651515955,1.86435965548888,1.852293303992004
949,2.251155014362519,2.224647533880728,2.270725672421304,2.2890297949244798,2.2830728315505984
950,2.1988938200445385,2.200211658259404,2.1925653778490712,2.227132727861348,2.213992174601885
951,2.1634167669803457,2.163093150888489,2.1040006429807865,2.165093393125965,2.140360457361984
952,2.011623479614357,1.9859958429523004,2.0098517483595826,1.993344006085252,2.014671811707802
953,1.975778759188094,1.971931030232985,1.947227098004243,1.941744817378758,2.0064338928663927
954,1.932849728739544,1.9055232933981228,1.8888308230324968,1.897001639993672,1.950404655037476
955,2.000316273719322,2.0158017595381232,1.9389523884476711,1.9908954677129973,2.031035494787958
956,2.233713768559206,2.183770205511388,2.1991621994290687,2.201218416886276,2.231339067589732
957,2.077246069143092,2.075723360074408,2.0389065716380896,2.046726083013589,2.1135320802366926
958,2.217856853716294,2.179225996792109,2.201954699171856,2.167592820041412,2.25968341082896
959,1.854577984898176,1.845290180622142,1.830267748376527,1.8164070080818648,1.9014754690647369
960,1.5961033085506031,1.525431073231133,1.5388212027554118,1.543797851467551,1.6300627595357358
961,1.6973409718878767,1.6819990622885783,1.7220820216159187,1.6543337975968326,1.7518886083497578
962,1.593018038549192,1.5998197374722651,1.579829870460309,1.617688100661194,1.5936766286648685
963,1.6183088043869165,1.568051024322279,1.61339577593259,1.6060070279066787,1.6496796225861083
964,1.7374766809535245,1.7759900168880036,1.7209635764789766,1.7686265966100745,1.7471482579482602
965,1.786321066233931,1.7495024273892903,1.76493891626217,1.8109409401656744,1.7921767456057995
966,1.9311740758731115,1.9589750048013703,1.9619298151078888,1.9938197056490845,1.9794134746193115
967,1.8739223190816137,1.913682927567233,1.858898358770448,1.932981279137968,1.9293076140432384
968,1.971350614026404,1.8606568152287752,1.8737165824555495,1.9546958984053988,2.003170428023996
969,2.588362805060464,2.583192665035039,2.547158719737524,2.606323759283612,2.643517504010465
970,3.410592685762244,3.344179135979032,3.293078723425701,3.358480123694044,3.3949252709167874
971,4.104337635900673,4.105764803163121,4.122701928018251,4.060927810750079,4.120471420927878
972,4.38913367821744,4.366146664435779,4.343071397908534,4.331876248902273,4.40770910495284
973,4.315167802791076,4.233283461398749,4.28303482191946,4.353363799792952,4.301428210243555
974,4.471368144138509,4.443759898023222,4.469004246393455,4.561790248355711,4.54125612184864
975,3.9951616424523086,4.025376233322938,4.146540118636321,4.097001823231876,4.054936319113462
976,3.720514843382912,3.7148790613930376,3.855239767276294,3.885856953523452,3.746744872192093
977,3.1061389279228555,3.156904403469829,3.267282091270249,3.2841460607726427,3.095248915952978
978,2.931049961270212,2.952609390068449,3.11710977600237,3.0137452534380533,2.891712446758296
979,3.117099199132717,3.0504229174087985,3.2503302176696707,3.122593243208981,3.032337699285001
980,3.230182484837186,3.16334715398182,3.358265168050384,3.2195053799050126,3.130955980084817
981,3.524020007047869,3.4080368335711806,3.5788778810372657,3.469501524416548,3.428678492310857
982,3.2704015383820617,3.2133214678087687,3.2406206748930355,3.2203455047015965,3.095183030811836
983,3.0883533799628258,2.9505679163545517,2.9487198421407466,2.971285987587972,2.9795726744116022
984,2.9136855226497005,2.859686713329981,2.842027859788536,2.9034347135175045,2.8628330811475866
985,2.5630495725414404,2.44461094279559,2.406349938126213,2.469327361998606,2.4944896090068007
986,2.3157866019028983,2.2091946674653578,2.1190368013010445,2.249637404742845,2.2249729781693084
987,2.0788134162163625,1.9017282138976264,1.859118209834222,2.019219967935125,1.9246249664433277
988,1.94223742039166,1.796767994130391,1.837478173903772,1.902392025455805,1.7877348171639549
989,1.68977215875899,1.674176323717279,1.690763247209479,1.756032231800211,1.6550090510319828
990,2.001349396830139,2.0054861028159445,1.992223963905292,1.9615083859930609,2.0276431687281
991,2.261233335891351,2.2390170409983217,2.255328410162773,2.2552269144270083,2.2753902195557103
992,2.60152344049047,2.5536828950223502,2.4694495380184147,2.5756111534242687,2.6060662363470493
993,3.037605849151658,2.9475819755848094,2.905139441171317,2.9566371424517173,2.9516886155764666
994,2.9648075766121966,2.9565863814619107,2.873601547803404,2.891654536721376,2.926959624636889
995,3.30072393329336,3.232265721490768,3.1565249868484813,3.2375893847086568,3.273938487305353
996,3.345096864466244,3.2817309045940406,3.2708156640970056,3.2910696422050734,3.3081470451388624
997,3.325052323313496,3.280770237581677,3.291933851109637,3.370837982672895,3.3385530097478697
998,3.423917094436771,3.3196139148942714,3.361914950061543,3.426554636714769,3.4059792005540865
999,3.548857476198689,3.452511547852912,3.4385775793599485,3.472650543830099,3.594769304497541
1000,3.851420788255297,3.733985370791284,3.7879089836152486,3.765860216005781,3.9015295106906063
1001,4.100255443117066,4.013211181398365,4.044358402269316,3.991124257264037,4.13549686164583
1002,4.220726018196554,4.24323598855427,4.271081404301351,4.220956835784503,4.315217825016741
1003,4.287607050408721,4.309115275271394,4.338434889000737,4.32794098793142,4.3668251931098006
1004,4.410179129152026,4.440614199951536,4.436154113936387,4.365631911885673,4.4575110625150245
1005,4.383219533152807,4.41753705080034,4.404437255482439,4.3028057526590375,4.373104213619448
1006,4.702463229070078,4.676369743355171,4.693888385133527,4.619227218276275,4.657222703496879
1007,4.678582620064686,4.754614264308704,4.716293846434209,4.616855628507752,4.607190430541757
1008,5.099712194405201,5.219238680192686,5.152426290077981,5.084051925814764,5.118834133529795
1009,4.703985608404498,4.849832298505007,4.798436992334515,4.71722978820825,4.792396101140918
1010,4.883668318602621,4.980789694497811,4.967790344048565,4.917949955547655,4.982517091025115
1011,4.775072646859301,4.844838812340462,4.829364906091373,4.7846490021864,4.82573010787425
1012,4.626336087395824,4.671731569747256,4.646672474306664,4.676932127397225,4.629917963659464
1013,4.606810050521685,4.643197924622776,4.655040463854467,4.643332307897786,4.631540879787859
1014,4.7746397020149445,4.795088164906241,4.854642389461954,4.808282021791021,4.77116097355975
1015,4.674814890340923,4.727853920698681,4.7960200605625225,4.737562307890139,4.690281013208132
1016,4.7553634235349165,4.79274357901305,4.88755707735728,4.82669859566586,4.76887525612154
1017,4.654941810819865,4.674958547988429,4.757725431096424,4.713600481781512,4.635222952973875
1018,5.259923121942495,5.236916284654529,5.322090628030921,5.2584845019681925,5.245291067860157
1019,5.241440457024894,5.2234845178211335,5.301175142146136,5.276768655147305,5.287679369046013
1020,5.034292590630291,5.057529379457449,5.103608306715576,5.023894094524183,5.116182175103569
1021,4.687548868482186,4.739120015973499,4.807910366634444,4.691301509688295,4.783917547125571
1022,4.684528728074008,4.788743892611799,4.804637366491562,4.706943562261783,4.833673399739814
1023,4.472604985253129,4.587645363041992,4.491690308781441,4.480291183927156,4.566884596575357
1024,4.4378008518471495,4.563427933129312,4.492008438133388,4.4615914303995,4.540256989409908
